"id";"customer_id";"order_date";"status";"total"
"ORD-001000";"CUST-000001";"22.05.2026";"open";"1055,91"
"ORD-001001";"CUST-000001";"06.02.2026";"shipped";"34,41"
"ORD-001002";"CUST-000001";"28.05.2026";"shipped";"1798,95"
"ORD-001003";"CUST-000002";"04.01.2026";"delivered";"705,26"
"ORD-001004";"CUST-000003";"23.01.2026";"shipped";"408,76"
"ORD-001005";"CUST-000003";"06.04.2026";"processing";"605,18"
"ORD-001006";"CUST-000003";"07.07.2026";"shipped";"156,36"
"ORD-001007";"CUST-000003";"01.01.2026";"delivered";"1428,13"
"ORD-001008";"CUST-000003";"19.03.2026";"shipped";"732,58"
"ORD-001009";"CUST-000004";"31.01.2026";"shipped";"1231,7"
"ORD-001010";"CUST-000004";"20.05.2026";"delivered";"542,19"
"ORD-001011";"CUST-000004";"11.06.2026";"shipped";"1899,58"
"ORD-001012";"CUST-000005";"27.04.2026";"open";"527,36"
"ORD-001013";"CUST-000005";"01.07.2026";"processing";"576,21"
"ORD-001014";"CUST-000005";"09.02.2026";"shipped";"591,6"
"ORD-001015";"CUST-000005";"11.04.2026";"open";"467,84"
"ORD-001016";"CUST-000005";"01.06.2026";"shipped";"1896,28"
"ORD-001017";"CUST-000006";"11.07.2026";"shipped";"1880,42"
"ORD-001018";"CUST-000007";"28.05.2026";"delivered";"462,58"
"ORD-001019";"CUST-000007";"14.05.2026";"shipped";"638,02"
"ORD-001020";"CUST-000007";"28.02.2026";"shipped";"1757,63"
"ORD-001021";"CUST-000007";"09.05.2026";"open";"164,4"
"ORD-001022";"CUST-000007";"20.05.2026";"shipped";"1492,83"
"ORD-001023";"CUST-000008";"14.03.2026";"open";"677,8"
"ORD-001024";"CUST-000008";"18.03.2026";"shipped";"846,62"
"ORD-001025";"CUST-000008";"29.03.2026";"delivered";"596,31"
"ORD-001026";"CUST-000008";"15.06.2026";"shipped";"1993,67"
"ORD-001027";"CUST-000009";"21.01.2026";"shipped";"1783,4"
"ORD-001028";"CUST-000009";"28.02.2026";"processing";"1959,81"
"ORD-001029";"CUST-000009";"10.07.2026";"shipped";"1853,09"
"ORD-001030";"CUST-000010";"26.05.2026";"cancelled";"1567,8"
"ORD-001031";"CUST-000010";"28.01.2026";"processing";"216,16"
"ORD-001032";"CUST-000011";"10.07.2026";"shipped";"1130,06"
"ORD-001033";"CUST-000011";"25.06.2026";"shipped";"413,03"
"ORD-001034";"CUST-000011";"23.07.2026";"shipped";"414,25"
"ORD-001035";"CUST-000011";"21.06.2026";"shipped";"1450,05"
"ORD-001036";"CUST-000011";"06.08.2026";"open";"1641,25"
"ORD-001037";"CUST-000012";"17.02.2026";"delivered";"725,9"
"ORD-001038";"CUST-000012";"16.05.2026";"shipped";"1992,58"
"ORD-001039";"CUST-000013";"23.06.2026";"shipped";"374,7"
"ORD-001040";"CUST-000014";"16.06.2026";"cancelled";"770,69"
"ORD-001041";"CUST-000014";"05.05.2026";"shipped";"1351,78"
"ORD-001042";"CUST-000015";"06.02.2026";"open";"211,86"
"ORD-001043";"CUST-000015";"26.07.2026";"shipped";"307,16"
"ORD-001044";"CUST-000015";"15.01.2026";"open";"1510,05"
"ORD-001045";"CUST-000015";"07.06.2026";"shipped";"611,86"
"ORD-001046";"CUST-000015";"20.03.2026";"shipped";"966,46"
"ORD-001047";"CUST-000016";"22.05.2026";"processing";"1380,43"
"ORD-001048";"CUST-000016";"23.02.2026";"delivered";"1224,55"
"ORD-001049";"CUST-000017";"02.06.2026";"shipped";"1519,9"
"ORD-001050";"CUST-000017";"18.06.2026";"shipped";"1230,38"
"ORD-001051";"CUST-000017";"15.01.2026";"shipped";"1239,24"
"ORD-001052";"CUST-000018";"20.03.2026";"processing";"785,02"
"ORD-001053";"CUST-000018";"11.08.2026";"shipped";"198,3"
"ORD-001054";"CUST-000019";"25.02.2026";"shipped";"1212,76"
"ORD-001055";"CUST-000020";"28.05.2026";"cancelled";"170,44"
"ORD-001056";"CUST-000020";"14.05.2026";"processing";"1826,36"
"ORD-001057";"CUST-000020";"25.06.2026";"shipped";"1401,81"
"ORD-001058";"CUST-000020";"11.03.2026";"cancelled";"1097,03"
"ORD-001059";"CUST-000021";"02.08.2026";"shipped";"1771,52"
"ORD-001060";"CUST-000021";"25.05.2026";"shipped";"1194,04"
"ORD-001061";"CUST-000022";"06.03.2026";"shipped";"929,35"
"ORD-001062";"CUST-000022";"09.06.2026";"cancelled";"149,21"
"ORD-001063";"CUST-000022";"09.08.2026";"shipped";"1440,89"
"ORD-001064";"CUST-000022";"23.05.2026";"shipped";"1461,15"
"ORD-001065";"CUST-000022";"14.02.2026";"processing";"1160,49"
"ORD-001066";"CUST-000023";"12.01.2026";"processing";"1679,39"
"ORD-001067";"CUST-000023";"26.02.2026";"open";"1284,42"
"ORD-001068";"CUST-000023";"22.02.2026";"shipped";"82,69"
"ORD-001069";"CUST-000024";"21.07.2026";"shipped";"1862,19"
"ORD-001070";"CUST-000024";"31.07.2026";"shipped";"817,55"
"ORD-001071";"CUST-000024";"28.03.2026";"shipped";"279,53"
"ORD-001072";"CUST-000024";"04.01.2026";"shipped";"485,77"
"ORD-001073";"CUST-000025";"21.07.2026";"shipped";"1332,05"
"ORD-001074";"CUST-000026";"02.03.2026";"shipped";"748,83"
"ORD-001075";"CUST-000026";"09.03.2026";"open";"568,42"
"ORD-001076";"CUST-000027";"20.06.2026";"cancelled";"1548,33"
"ORD-001077";"CUST-000027";"30.05.2026";"cancelled";"349,89"
"ORD-001078";"CUST-000028";"10.07.2026";"shipped";"34,55"
"ORD-001079";"CUST-000028";"15.06.2026";"delivered";"1025,29"
"ORD-001080";"CUST-000029";"21.03.2026";"shipped";"224,47"
"ORD-001081";"CUST-000029";"27.04.2026";"shipped";"20,22"
"ORD-001082";"CUST-000029";"10.06.2026";"cancelled";"196,61"
"ORD-001083";"CUST-000029";"20.07.2026";"shipped";"1194,7"
"ORD-001084";"CUST-000029";"07.02.2026";"shipped";"464,62"
"ORD-001085";"CUST-000030";"17.02.2026";"open";"567,8"
"ORD-001086";"CUST-000030";"22.04.2026";"open";"1786,43"
"ORD-001087";"CUST-000030";"08.05.2026";"cancelled";"1248,9"
"ORD-001088";"CUST-000030";"25.06.2026";"processing";"1226,92"
"ORD-001089";"CUST-000030";"11.06.2026";"processing";"713,0"
"ORD-001090";"CUST-000031";"29.04.2026";"shipped";"314,44"
"ORD-001091";"CUST-000031";"03.04.2026";"open";"897,48"
"ORD-001092";"CUST-000032";"21.01.2026";"processing";"1838,03"
"ORD-001093";"CUST-000032";"02.04.2026";"open";"1544,76"
"ORD-001094";"CUST-000032";"07.06.2026";"shipped";"659,54"
"ORD-001095";"CUST-000032";"16.02.2026";"shipped";"572,85"
"ORD-001096";"CUST-000032";"12.03.2026";"shipped";"1589,33"
"ORD-001097";"CUST-000033";"29.06.2026";"shipped";"415,02"
"ORD-001098";"CUST-000033";"22.06.2026";"shipped";"1965,38"
"ORD-001099";"CUST-000033";"28.07.2026";"shipped";"121,35"
"ORD-001100";"CUST-000033";"15.07.2026";"cancelled";"1015,13"
"ORD-001101";"CUST-000033";"12.06.2026";"shipped";"390,57"
"ORD-001102";"CUST-000034";"08.08.2026";"shipped";"144,2"
"ORD-001103";"CUST-000034";"26.06.2026";"shipped";"1195,99"
"ORD-001104";"CUST-000034";"06.07.2026";"shipped";"496,42"
"ORD-001105";"CUST-000035";"11.02.2026";"shipped";"1182,35"
"ORD-001106";"CUST-000035";"11.04.2026";"open";"1913,2"
"ORD-001107";"CUST-000036";"24.02.2026";"open";"1759,47"
"ORD-001108";"CUST-000036";"11.01.2026";"open";"816,64"
"ORD-001109";"CUST-000036";"12.01.2026";"shipped";"1065,52"
"ORD-001110";"CUST-000036";"30.04.2026";"shipped";"1192,62"
"ORD-001111";"CUST-000037";"31.07.2026";"delivered";"609,98"
"ORD-001112";"CUST-000037";"16.07.2026";"shipped";"285,14"
"ORD-001113";"CUST-000037";"12.08.2026";"shipped";"1531,52"
"ORD-001114";"CUST-000038";"19.02.2026";"shipped";"758,0"
"ORD-001115";"CUST-000038";"11.03.2026";"delivered";"1594,49"
"ORD-001116";"CUST-000038";"15.04.2026";"processing";"805,22"
"ORD-001117";"CUST-000038";"10.08.2026";"delivered";"14,98"
"ORD-001118";"CUST-000039";"26.02.2026";"processing";"966,94"
"ORD-001119";"CUST-000039";"10.06.2026";"shipped";"1705,16"
"ORD-001120";"CUST-000039";"12.05.2026";"open";"945,87"
"ORD-001121";"CUST-000039";"19.04.2026";"processing";"146,96"
"ORD-001122";"CUST-000039";"11.06.2026";"returned";"185,41"
"ORD-001123";"CUST-000040";"26.01.2026";"shipped";"1843,18"
"ORD-001124";"CUST-000040";"26.05.2026";"shipped";"1768,18"
"ORD-001125";"CUST-000040";"05.02.2026";"processing";"1515,13"
"ORD-001126";"CUST-000041";"14.06.2026";"delivered";"919,77"
"ORD-001127";"CUST-000041";"16.02.2026";"open";"77,18"
"ORD-001128";"CUST-000042";"23.07.2026";"shipped";"1507,59"
"ORD-001129";"CUST-000042";"01.08.2026";"shipped";"826,75"
"ORD-001130";"CUST-000042";"11.08.2026";"shipped";"137,86"
"ORD-001131";"CUST-000043";"22.03.2026";"shipped";"58,68"
"ORD-001132";"CUST-000043";"01.02.2026";"shipped";"534,63"
"ORD-001133";"CUST-000043";"23.03.2026";"delivered";"1196,07"
"ORD-001134";"CUST-000043";"07.01.2026";"processing";"1565,24"
"ORD-001135";"CUST-000044";"18.05.2026";"open";"1960,63"
"ORD-001136";"CUST-000044";"12.01.2026";"processing";"518,15"
"ORD-001137";"CUST-000044";"13.07.2026";"shipped";"72,05"
"ORD-001138";"CUST-000044";"27.07.2026";"shipped";"513,73"
"ORD-001139";"CUST-000045";"09.03.2026";"processing";"1086,04"
"ORD-001140";"CUST-000045";"23.01.2026";"shipped";"1607,49"
"ORD-001141";"CUST-000045";"15.07.2026";"shipped";"1981,65"
"ORD-001142";"CUST-000045";"03.04.2026";"open";"14,33"
"ORD-001143";"CUST-000045";"25.04.2026";"delivered";"1620,47"
"ORD-001144";"CUST-000046";"25.01.2026";"shipped";"1706,94"
"ORD-001145";"CUST-000047";"10.08.2026";"delivered";"328,68"
"ORD-001146";"CUST-000047";"03.07.2026";"shipped";"1765,74"
"ORD-001147";"CUST-000048";"01.02.2026";"delivered";"1117,62"
"ORD-001148";"CUST-000048";"21.06.2026";"open";"1192,79"
"ORD-001149";"CUST-000048";"25.07.2026";"shipped";"849,42"
"ORD-001150";"CUST-000049";"14.01.2026";"open";"1924,22"
"ORD-001151";"CUST-000049";"08.06.2026";"shipped";"878,57"
"ORD-001152";"CUST-000049";"04.06.2026";"delivered";"792,26"
"ORD-001153";"CUST-000049";"29.04.2026";"shipped";"241,87"
"ORD-001154";"CUST-000050";"27.07.2026";"shipped";"1843,25"
"ORD-001155";"CUST-000050";"16.02.2026";"shipped";"1660,02"
"ORD-001156";"CUST-000050";"11.05.2026";"shipped";"1106,53"
"ORD-001157";"CUST-000051";"21.02.2026";"processing";"621,46"
"ORD-001158";"CUST-000051";"02.02.2026";"cancelled";"156,69"
"ORD-001159";"CUST-000051";"29.01.2026";"delivered";"1932,57"
"ORD-001160";"CUST-000051";"23.01.2026";"shipped";"37,97"
"ORD-001161";"CUST-000051";"09.02.2026";"processing";"892,83"
"ORD-001162";"CUST-000052";"03.04.2026";"processing";"1524,16"
"ORD-001163";"CUST-000052";"21.03.2026";"shipped";"567,14"
"ORD-001164";"CUST-000052";"23.04.2026";"shipped";"1627,14"
"ORD-001165";"CUST-000052";"27.07.2026";"open";"268,18"
"ORD-001166";"CUST-000053";"22.01.2026";"processing";"734,6"
"ORD-001167";"CUST-000053";"01.07.2026";"delivered";"934,6"
"ORD-001168";"CUST-000053";"10.04.2026";"shipped";"28,96"
"ORD-001169";"CUST-000054";"04.08.2026";"cancelled";"1496,01"
"ORD-001170";"CUST-000055";"09.07.2026";"shipped";"1048,41"
"ORD-001171";"CUST-000055";"15.05.2026";"shipped";"1303,32"
"ORD-001172";"CUST-000055";"28.03.2026";"delivered";"912,05"
"ORD-001173";"CUST-000056";"29.05.2026";"shipped";"575,9"
"ORD-001174";"CUST-000056";"13.05.2026";"delivered";"1988,05"
"ORD-001175";"CUST-000056";"15.04.2026";"delivered";"1484,81"
"ORD-001176";"CUST-000056";"10.03.2026";"shipped";"817,47"
"ORD-001177";"CUST-000057";"02.01.2026";"processing";"351,61"
"ORD-001178";"CUST-000057";"23.01.2026";"shipped";"1632,54"
"ORD-001179";"CUST-000057";"10.04.2026";"shipped";"1099,51"
"ORD-001180";"CUST-000058";"23.02.2026";"open";"1776,48"
"ORD-001181";"CUST-000059";"13.01.2026";"open";"349,3"
"ORD-001182";"CUST-000059";"14.06.2026";"shipped";"1575,19"
"ORD-001183";"CUST-000060";"24.07.2026";"shipped";"86,75"
"ORD-001184";"CUST-000060";"24.02.2026";"returned";"657,31"
"ORD-001185";"CUST-000060";"02.02.2026";"shipped";"1260,06"
"ORD-001186";"CUST-000060";"12.05.2026";"shipped";"1138,76"
"ORD-001187";"CUST-000061";"25.02.2026";"shipped";"1577,75"
"ORD-001188";"CUST-000062";"25.05.2026";"shipped";"651,58"
"ORD-001189";"CUST-000062";"13.06.2026";"shipped";"1762,65"
"ORD-001190";"CUST-000062";"10.03.2026";"shipped";"1177,22"
"ORD-001191";"CUST-000063";"10.04.2026";"processing";"1516,61"
"ORD-001192";"CUST-000064";"12.02.2026";"shipped";"267,63"
"ORD-001193";"CUST-000064";"28.07.2026";"delivered";"1866,18"
"ORD-001194";"CUST-000064";"11.07.2026";"shipped";"416,55"
"ORD-001195";"CUST-000064";"08.07.2026";"returned";"1309,95"
"ORD-001196";"CUST-000064";"06.07.2026";"delivered";"795,52"
"ORD-001197";"CUST-000065";"18.07.2026";"shipped";"1013,59"
"ORD-001198";"CUST-000065";"17.03.2026";"shipped";"254,02"
"ORD-001199";"CUST-000065";"09.03.2026";"open";"435,71"
"ORD-001200";"CUST-000065";"05.02.2026";"shipped";"1806,76"
"ORD-001201";"CUST-000066";"18.07.2026";"returned";"1815,72"
"ORD-001202";"CUST-000066";"25.03.2026";"shipped";"1952,71"
"ORD-001203";"CUST-000067";"13.06.2026";"delivered";"43,36"
"ORD-001204";"CUST-000067";"05.06.2026";"open";"194,16"
"ORD-001205";"CUST-000068";"10.05.2026";"shipped";"1890,29"
"ORD-001206";"CUST-000069";"01.06.2026";"shipped";"1710,8"
"ORD-001207";"CUST-000069";"22.03.2026";"shipped";"1587,85"
"ORD-001208";"CUST-000070";"08.04.2026";"cancelled";"1601,62"
"ORD-001209";"CUST-000070";"27.04.2026";"shipped";"989,68"
"ORD-001210";"CUST-000070";"29.05.2026";"shipped";"1337,07"
"ORD-001211";"CUST-000071";"16.07.2026";"open";"449,8"
"ORD-001212";"CUST-000071";"14.04.2026";"delivered";"1925,88"
"ORD-001213";"CUST-000071";"29.07.2026";"open";"1748,24"
"ORD-001214";"CUST-000071";"15.01.2026";"processing";"263,68"
"ORD-001215";"CUST-000071";"26.06.2026";"open";"402,55"
"ORD-001216";"CUST-000072";"17.07.2026";"shipped";"1255,21"
"ORD-001217";"CUST-000072";"05.08.2026";"processing";"1392,15"
"ORD-001218";"CUST-000072";"19.06.2026";"processing";"1276,16"
"ORD-001219";"CUST-000073";"28.06.2026";"shipped";"1379,05"
"ORD-001220";"CUST-000073";"01.02.2026";"cancelled";"1424,38"
"ORD-001221";"CUST-000074";"13.02.2026";"returned";"1110,52"
"ORD-001222";"CUST-000074";"02.08.2026";"shipped";"1279,98"
"ORD-001223";"CUST-000075";"25.03.2026";"delivered";"1058,08"
"ORD-001224";"CUST-000076";"08.05.2026";"shipped";"440,47"
"ORD-001225";"CUST-000076";"17.03.2026";"shipped";"37,35"
"ORD-001226";"CUST-000076";"21.04.2026";"delivered";"1799,75"
"ORD-001227";"CUST-000077";"06.06.2026";"processing";"404,93"
"ORD-001228";"CUST-000078";"23.06.2026";"shipped";"187,96"
"ORD-001229";"CUST-000078";"12.08.2026";"shipped";"221,42"
"ORD-001230";"CUST-000078";"20.03.2026";"open";"543,78"
"ORD-001231";"CUST-000078";"06.07.2026";"shipped";"1645,93"
"ORD-001232";"CUST-000078";"03.03.2026";"delivered";"120,39"
"ORD-001233";"CUST-000079";"04.06.2026";"processing";"1785,27"
"ORD-001234";"CUST-000080";"17.05.2026";"shipped";"1595,19"
"ORD-001235";"CUST-000080";"06.02.2026";"shipped";"1396,35"
"ORD-001236";"CUST-000080";"05.07.2026";"open";"670,98"
"ORD-001237";"CUST-000080";"15.06.2026";"shipped";"1516,66"
"ORD-001238";"CUST-000081";"12.06.2026";"delivered";"682,46"
"ORD-001239";"CUST-000081";"20.02.2026";"shipped";"1294,98"
"ORD-001240";"CUST-000081";"24.02.2026";"shipped";"1923,5"
"ORD-001241";"CUST-000082";"06.04.2026";"delivered";"1766,73"
"ORD-001242";"CUST-000082";"31.05.2026";"delivered";"1881,56"
"ORD-001243";"CUST-000082";"06.05.2026";"open";"1748,39"
"ORD-001244";"CUST-000082";"12.06.2026";"cancelled";"1607,01"
"ORD-001245";"CUST-000083";"14.07.2026";"delivered";"996,32"
"ORD-001246";"CUST-000083";"18.06.2026";"shipped";"1592,63"
"ORD-001247";"CUST-000083";"06.08.2026";"shipped";"985,09"
"ORD-001248";"CUST-000083";"16.02.2026";"delivered";"303,72"
"ORD-001249";"CUST-000083";"04.07.2026";"shipped";"505,75"
"ORD-001250";"CUST-000084";"08.03.2026";"shipped";"838,05"
"ORD-001251";"CUST-000085";"06.08.2026";"processing";"988,41"
"ORD-001252";"CUST-000085";"25.03.2026";"shipped";"1413,68"
"ORD-001253";"CUST-000086";"30.03.2026";"shipped";"97,78"
"ORD-001254";"CUST-000086";"17.07.2026";"shipped";"850,85"
"ORD-001255";"CUST-000086";"09.04.2026";"shipped";"492,46"
"ORD-001256";"CUST-000086";"19.04.2026";"shipped";"730,9"
"ORD-001257";"CUST-000086";"03.01.2026";"shipped";"1053,49"
"ORD-001258";"CUST-000087";"17.05.2026";"shipped";"859,84"
"ORD-001259";"CUST-000087";"30.03.2026";"shipped";"1022,3"
"ORD-001260";"CUST-000088";"27.04.2026";"open";"1573,64"
"ORD-001261";"CUST-000089";"18.03.2026";"delivered";"732,64"
"ORD-001262";"CUST-000089";"16.02.2026";"shipped";"1831,27"
"ORD-001263";"CUST-000089";"16.02.2026";"returned";"1886,35"
"ORD-001264";"CUST-000090";"06.02.2026";"open";"1134,43"
"ORD-001265";"CUST-000090";"12.05.2026";"delivered";"418,63"
"ORD-001266";"CUST-000090";"26.01.2026";"shipped";"246,3"
"ORD-001267";"CUST-000090";"17.02.2026";"open";"1774,37"
"ORD-001268";"CUST-000090";"17.04.2026";"shipped";"967,99"
"ORD-001269";"CUST-000091";"03.06.2026";"cancelled";"1530,96"
"ORD-001270";"CUST-000091";"23.05.2026";"delivered";"1165,92"
"ORD-001271";"CUST-000091";"01.05.2026";"open";"574,26"
"ORD-001272";"CUST-000092";"02.03.2026";"cancelled";"653,06"
"ORD-001273";"CUST-000093";"22.03.2026";"shipped";"1330,83"
"ORD-001274";"CUST-000093";"06.07.2026";"open";"340,96"
"ORD-001275";"CUST-000093";"08.08.2026";"cancelled";"150,09"
"ORD-001276";"CUST-000094";"02.07.2026";"open";"157,07"
"ORD-001277";"CUST-000094";"25.06.2026";"shipped";"156,4"
"ORD-001278";"CUST-000094";"01.05.2026";"processing";"182,12"
"ORD-001279";"CUST-000095";"11.06.2026";"shipped";"1036,98"
"ORD-001280";"CUST-000095";"09.06.2026";"open";"712,61"
"ORD-001281";"CUST-000095";"23.06.2026";"shipped";"701,8"
"ORD-001282";"CUST-000096";"09.04.2026";"shipped";"82,99"
"ORD-001283";"CUST-000096";"09.03.2026";"shipped";"921,85"
"ORD-001284";"CUST-000096";"14.04.2026";"shipped";"1034,12"
"ORD-001285";"CUST-000096";"27.07.2026";"shipped";"1976,57"
"ORD-001286";"CUST-000097";"25.01.2026";"processing";"1512,31"
"ORD-001287";"CUST-000098";"30.01.2026";"open";"1597,44"
"ORD-001288";"CUST-000098";"26.06.2026";"shipped";"926,21"
"ORD-001289";"CUST-000099";"16.07.2026";"shipped";"1523,57"
"ORD-001290";"CUST-000100";"18.02.2026";"processing";"677,83"
"ORD-001291";"CUST-000101";"03.06.2026";"cancelled";"1557,83"
"ORD-001292";"CUST-000102";"03.04.2026";"delivered";"696,69"
"ORD-001293";"CUST-000102";"17.02.2026";"shipped";"721,83"
"ORD-001294";"CUST-000102";"07.03.2026";"shipped";"1739,21"
"ORD-001295";"CUST-000102";"17.07.2026";"delivered";"1098,57"
"ORD-001296";"CUST-000102";"09.08.2026";"shipped";"818,05"
"ORD-001297";"CUST-000103";"10.02.2026";"shipped";"237,12"
"ORD-001298";"CUST-000103";"04.03.2026";"processing";"364,09"
"ORD-001299";"CUST-000103";"12.07.2026";"shipped";"1063,44"
"ORD-001300";"CUST-000104";"26.02.2026";"cancelled";"395,68"
"ORD-001301";"CUST-000104";"23.01.2026";"shipped";"949,12"
"ORD-001302";"CUST-000104";"07.07.2026";"open";"735,35"
"ORD-001303";"CUST-000104";"02.07.2026";"shipped";"1334,74"
"ORD-001304";"CUST-000104";"20.02.2026";"cancelled";"876,93"
"ORD-001305";"CUST-000105";"12.07.2026";"delivered";"1622,0"
"ORD-001306";"CUST-000105";"23.03.2026";"shipped";"1499,69"
"ORD-001307";"CUST-000105";"21.02.2026";"shipped";"694,78"
"ORD-001308";"CUST-000105";"29.06.2026";"shipped";"1730,56"
"ORD-001309";"CUST-000106";"03.05.2026";"shipped";"534,88"
"ORD-001310";"CUST-000106";"17.06.2026";"shipped";"486,84"
"ORD-001311";"CUST-000107";"19.03.2026";"processing";"825,61"
"ORD-001312";"CUST-000107";"11.07.2026";"cancelled";"347,81"
"ORD-001313";"CUST-000108";"24.01.2026";"shipped";"616,1"
"ORD-001314";"CUST-000109";"10.06.2026";"delivered";"184,67"
"ORD-001315";"CUST-000109";"15.07.2026";"shipped";"706,43"
"ORD-001316";"CUST-000109";"06.06.2026";"shipped";"514,61"
"ORD-001317";"CUST-000110";"29.04.2026";"processing";"1846,64"
"ORD-001318";"CUST-000110";"02.05.2026";"cancelled";"1516,33"
"ORD-001319";"CUST-000110";"26.03.2026";"open";"925,91"
"ORD-001320";"CUST-000110";"11.07.2026";"shipped";"1776,61"
"ORD-001321";"CUST-000111";"18.05.2026";"shipped";"160,59"
"ORD-001322";"CUST-000112";"29.01.2026";"shipped";"1026,01"
"ORD-001323";"CUST-000112";"28.05.2026";"delivered";"1882,82"
"ORD-001324";"CUST-000112";"08.05.2026";"shipped";"1460,07"
"ORD-001325";"CUST-000113";"23.04.2026";"shipped";"1348,21"
"ORD-001326";"CUST-000114";"23.02.2026";"shipped";"556,8"
"ORD-001327";"CUST-000114";"30.06.2026";"open";"756,29"
"ORD-001328";"CUST-000114";"24.06.2026";"shipped";"1858,24"
"ORD-001329";"CUST-000114";"27.01.2026";"processing";"1629,27"
"ORD-001330";"CUST-000115";"07.08.2026";"shipped";"1635,78"
"ORD-001331";"CUST-000115";"07.03.2026";"shipped";"1095,57"
"ORD-001332";"CUST-000115";"19.04.2026";"delivered";"119,42"
"ORD-001333";"CUST-000116";"24.04.2026";"shipped";"1056,57"
"ORD-001334";"CUST-000117";"02.01.2026";"shipped";"121,39"
"ORD-001335";"CUST-000117";"21.05.2026";"shipped";"1878,47"
"ORD-001336";"CUST-000117";"19.06.2026";"shipped";"753,03"
"ORD-001337";"CUST-000117";"23.05.2026";"processing";"97,68"
"ORD-001338";"CUST-000117";"06.05.2026";"shipped";"921,26"
"ORD-001339";"CUST-000118";"03.04.2026";"returned";"1972,39"
"ORD-001340";"CUST-000119";"27.05.2026";"shipped";"283,34"
"ORD-001341";"CUST-000119";"11.04.2026";"shipped";"427,42"
"ORD-001342";"CUST-000119";"05.08.2026";"delivered";"1876,49"
"ORD-001343";"CUST-000119";"16.07.2026";"open";"1431,89"
"ORD-001344";"CUST-000119";"14.06.2026";"shipped";"1553,28"
"ORD-001345";"CUST-000120";"13.04.2026";"delivered";"457,64"
"ORD-001346";"CUST-000120";"28.02.2026";"shipped";"945,81"
"ORD-001347";"CUST-000120";"19.04.2026";"shipped";"1128,26"
"ORD-001348";"CUST-000120";"15.06.2026";"shipped";"96,52"
"ORD-001349";"CUST-000120";"15.05.2026";"open";"394,86"
"ORD-001350";"CUST-000121";"19.03.2026";"shipped";"1463,94"
"ORD-001351";"CUST-000121";"31.07.2026";"processing";"1606,6"
"ORD-001352";"CUST-000122";"06.08.2026";"shipped";"757,72"
"ORD-001353";"CUST-000122";"20.02.2026";"shipped";"994,93"
"ORD-001354";"CUST-000123";"17.05.2026";"shipped";"333,13"
"ORD-001355";"CUST-000123";"29.05.2026";"shipped";"594,65"
"ORD-001356";"CUST-000123";"03.02.2026";"shipped";"1147,96"
"ORD-001357";"CUST-000124";"31.07.2026";"delivered";"1683,92"
"ORD-001358";"CUST-000124";"25.06.2026";"shipped";"689,58"
"ORD-001359";"CUST-000124";"10.02.2026";"open";"1834,24"
"ORD-001360";"CUST-000124";"17.05.2026";"shipped";"1006,06"
"ORD-001361";"CUST-000125";"30.04.2026";"shipped";"983,89"
"ORD-001362";"CUST-000125";"09.06.2026";"shipped";"1359,22"
"ORD-001363";"CUST-000125";"27.03.2026";"open";"736,21"
"ORD-001364";"CUST-000125";"12.07.2026";"delivered";"1528,38"
"ORD-001365";"CUST-000125";"14.04.2026";"shipped";"1579,89"
"ORD-001366";"CUST-000126";"30.06.2026";"shipped";"1133,8"
"ORD-001367";"CUST-000127";"18.04.2026";"shipped";"1105,83"
"ORD-001368";"CUST-000127";"05.08.2026";"delivered";"687,77"
"ORD-001369";"CUST-000127";"27.05.2026";"returned";"1255,87"
"ORD-001370";"CUST-000128";"19.05.2026";"processing";"661,53"
"ORD-001371";"CUST-000129";"21.07.2026";"processing";"1541,21"
"ORD-001372";"CUST-000129";"13.06.2026";"delivered";"518,43"
"ORD-001373";"CUST-000129";"15.01.2026";"shipped";"768,18"
"ORD-001374";"CUST-000130";"13.03.2026";"shipped";"1408,25"
"ORD-001375";"CUST-000130";"20.04.2026";"shipped";"183,23"
"ORD-001376";"CUST-000131";"18.07.2026";"open";"1964,6"
"ORD-001377";"CUST-000131";"25.06.2026";"shipped";"1512,18"
"ORD-001378";"CUST-000131";"25.05.2026";"cancelled";"1021,89"
"ORD-001379";"CUST-000131";"23.06.2026";"shipped";"1359,9"
"ORD-001380";"CUST-000132";"30.05.2026";"shipped";"1297,68"
"ORD-001381";"CUST-000132";"07.06.2026";"open";"144,1"
"ORD-001382";"CUST-000132";"05.08.2026";"shipped";"1786,92"
"ORD-001383";"CUST-000132";"04.08.2026";"shipped";"1919,05"
"ORD-001384";"CUST-000133";"19.03.2026";"open";"1370,09"
"ORD-001385";"CUST-000133";"26.06.2026";"shipped";"1220,13"
"ORD-001386";"CUST-000133";"14.04.2026";"cancelled";"814,09"
"ORD-001387";"CUST-000133";"01.06.2026";"shipped";"162,26"
"ORD-001388";"CUST-000134";"24.01.2026";"shipped";"500,32"
"ORD-001389";"CUST-000135";"17.04.2026";"open";"503,46"
"ORD-001390";"CUST-000135";"24.06.2026";"shipped";"1110,83"
"ORD-001391";"CUST-000135";"06.05.2026";"delivered";"1569,03"
"ORD-001392";"CUST-000135";"28.04.2026";"open";"489,67"
"ORD-001393";"CUST-000135";"26.06.2026";"shipped";"1631,06"
"ORD-001394";"CUST-000136";"26.03.2026";"delivered";"305,42"
"ORD-001395";"CUST-000136";"31.05.2026";"cancelled";"643,25"
"ORD-001396";"CUST-000136";"04.05.2026";"returned";"1374,42"
"ORD-001397";"CUST-000136";"22.01.2026";"shipped";"957,95"
"ORD-001398";"CUST-000136";"07.07.2026";"shipped";"1925,49"
"ORD-001399";"CUST-000137";"25.04.2026";"open";"923,32"
"ORD-001400";"CUST-000137";"22.04.2026";"shipped";"1641,38"
"ORD-001401";"CUST-000137";"21.04.2026";"open";"1754,58"
"ORD-001402";"CUST-000138";"26.07.2026";"delivered";"914,11"
"ORD-001403";"CUST-000138";"08.07.2026";"shipped";"1960,06"
"ORD-001404";"CUST-000138";"14.01.2026";"open";"1405,75"
"ORD-001405";"CUST-000138";"10.08.2026";"shipped";"52,78"
"ORD-001406";"CUST-000139";"28.03.2026";"shipped";"547,32"
"ORD-001407";"CUST-000139";"13.06.2026";"shipped";"1881,36"
"ORD-001408";"CUST-000139";"06.06.2026";"shipped";"459,91"
"ORD-001409";"CUST-000140";"23.04.2026";"delivered";"1396,36"
"ORD-001410";"CUST-000140";"04.06.2026";"cancelled";"1669,75"
"ORD-001411";"CUST-000140";"22.06.2026";"shipped";"20,15"
"ORD-001412";"CUST-000141";"14.01.2026";"delivered";"919,18"
"ORD-001413";"CUST-000141";"25.04.2026";"shipped";"1934,46"
"ORD-001414";"CUST-000141";"11.01.2026";"processing";"1069,89"
"ORD-001415";"CUST-000142";"09.07.2026";"processing";"1958,04"
"ORD-001416";"CUST-000142";"02.05.2026";"processing";"1926,96"
"ORD-001417";"CUST-000142";"21.06.2026";"processing";"582,63"
"ORD-001418";"CUST-000143";"19.05.2026";"shipped";"1960,81"
"ORD-001419";"CUST-000143";"21.04.2026";"shipped";"1057,05"
"ORD-001420";"CUST-000143";"10.03.2026";"open";"915,56"
"ORD-001421";"CUST-000144";"21.07.2026";"shipped";"790,31"
"ORD-001422";"CUST-000144";"02.07.2026";"open";"922,93"
"ORD-001423";"CUST-000144";"04.02.2026";"shipped";"925,05"
"ORD-001424";"CUST-000144";"04.01.2026";"shipped";"1445,4"
"ORD-001425";"CUST-000144";"09.07.2026";"returned";"240,86"
"ORD-001426";"CUST-000145";"08.01.2026";"delivered";"839,33"
"ORD-001427";"CUST-000145";"02.06.2026";"processing";"1498,62"
"ORD-001428";"CUST-000145";"28.06.2026";"shipped";"1774,11"
"ORD-001429";"CUST-000145";"14.01.2026";"shipped";"486,46"
"ORD-001430";"CUST-000146";"03.02.2026";"cancelled";"1710,02"
"ORD-001431";"CUST-000146";"14.07.2026";"open";"254,79"
"ORD-001432";"CUST-000146";"01.05.2026";"delivered";"1683,93"
"ORD-001433";"CUST-000146";"09.02.2026";"delivered";"159,03"
"ORD-001434";"CUST-000147";"07.04.2026";"delivered";"378,46"
"ORD-001435";"CUST-000147";"15.04.2026";"shipped";"466,55"
"ORD-001436";"CUST-000147";"03.01.2026";"shipped";"1913,2"
"ORD-001437";"CUST-000147";"10.07.2026";"shipped";"842,14"
"ORD-001438";"CUST-000147";"05.05.2026";"delivered";"1776,5"
"ORD-001439";"CUST-000148";"16.03.2026";"delivered";"789,22"
"ORD-001440";"CUST-000148";"18.05.2026";"open";"1397,5"
"ORD-001441";"CUST-000148";"27.05.2026";"open";"1573,22"
"ORD-001442";"CUST-000148";"22.03.2026";"shipped";"45,65"
"ORD-001443";"CUST-000149";"14.02.2026";"open";"740,66"
"ORD-001444";"CUST-000149";"13.06.2026";"shipped";"186,77"
"ORD-001445";"CUST-000149";"17.06.2026";"open";"1177,23"
"ORD-001446";"CUST-000149";"31.05.2026";"shipped";"1029,64"
"ORD-001447";"CUST-000149";"06.01.2026";"processing";"844,74"
"ORD-001448";"CUST-000150";"01.03.2026";"shipped";"526,73"
"ORD-001449";"CUST-000150";"10.07.2026";"cancelled";"919,31"
"ORD-001450";"CUST-000150";"11.03.2026";"delivered";"447,06"
"ORD-001451";"CUST-000151";"10.03.2026";"processing";"506,07"
"ORD-001452";"CUST-000152";"26.06.2026";"delivered";"1592,4"
"ORD-001453";"CUST-000152";"30.06.2026";"delivered";"196,0"
"ORD-001454";"CUST-000152";"10.05.2026";"shipped";"160,76"
"ORD-001455";"CUST-000153";"29.06.2026";"processing";"585,49"
"ORD-001456";"CUST-000153";"12.05.2026";"shipped";"600,47"
"ORD-001457";"CUST-000153";"12.03.2026";"returned";"1623,77"
"ORD-001458";"CUST-000153";"13.02.2026";"open";"103,57"
"ORD-001459";"CUST-000153";"11.08.2026";"delivered";"1898,07"
"ORD-001460";"CUST-000154";"07.01.2026";"shipped";"179,57"
"ORD-001461";"CUST-000155";"13.05.2026";"shipped";"180,51"
"ORD-001462";"CUST-000156";"14.05.2026";"open";"870,84"
"ORD-001463";"CUST-000157";"12.06.2026";"shipped";"583,65"
"ORD-001464";"CUST-000157";"29.04.2026";"shipped";"941,2"
"ORD-001465";"CUST-000157";"09.06.2026";"shipped";"1836,65"
"ORD-001466";"CUST-000157";"28.03.2026";"processing";"1267,07"
"ORD-001467";"CUST-000158";"30.04.2026";"processing";"981,66"
"ORD-001468";"CUST-000158";"07.05.2026";"shipped";"107,95"
"ORD-001469";"CUST-000159";"28.03.2026";"shipped";"900,9"
"ORD-001470";"CUST-000159";"17.06.2026";"shipped";"1899,69"
"ORD-001471";"CUST-000159";"30.04.2026";"shipped";"611,68"
"ORD-001472";"CUST-000159";"09.06.2026";"delivered";"75,12"
"ORD-001473";"CUST-000160";"16.02.2026";"open";"1501,48"
"ORD-001474";"CUST-000160";"08.06.2026";"processing";"91,92"
"ORD-001475";"CUST-000160";"27.05.2026";"shipped";"1740,81"
"ORD-001476";"CUST-000160";"05.02.2026";"shipped";"1341,07"
"ORD-001477";"CUST-000160";"23.06.2026";"shipped";"240,44"
"ORD-001478";"CUST-000161";"02.05.2026";"delivered";"1807,71"
"ORD-001479";"CUST-000161";"15.04.2026";"delivered";"210,42"
"ORD-001480";"CUST-000161";"08.08.2026";"delivered";"1589,43"
"ORD-001481";"CUST-000162";"04.02.2026";"shipped";"194,47"
"ORD-001482";"CUST-000162";"02.05.2026";"open";"1074,36"
"ORD-001483";"CUST-000162";"07.04.2026";"processing";"1578,64"
"ORD-001484";"CUST-000162";"15.05.2026";"shipped";"906,63"
"ORD-001485";"CUST-000162";"19.04.2026";"processing";"1638,84"
"ORD-001486";"CUST-000163";"30.03.2026";"shipped";"1539,05"
"ORD-001487";"CUST-000163";"21.07.2026";"delivered";"938,67"
"ORD-001488";"CUST-000163";"07.06.2026";"open";"627,67"
"ORD-001489";"CUST-000164";"11.04.2026";"cancelled";"678,8"
"ORD-001490";"CUST-000164";"13.03.2026";"open";"763,59"
"ORD-001491";"CUST-000164";"08.04.2026";"shipped";"1076,02"
"ORD-001492";"CUST-000164";"19.02.2026";"shipped";"724,81"
"ORD-001493";"CUST-000165";"06.06.2026";"processing";"1886,97"
"ORD-001494";"CUST-000165";"03.08.2026";"shipped";"1534,58"
"ORD-001495";"CUST-000165";"23.01.2026";"shipped";"1331,32"
"ORD-001496";"CUST-000165";"14.05.2026";"shipped";"1301,06"
"ORD-001497";"CUST-000165";"08.01.2026";"open";"1154,93"
"ORD-001498";"CUST-000166";"03.05.2026";"delivered";"496,32"
"ORD-001499";"CUST-000166";"24.06.2026";"shipped";"501,1"
"ORD-001500";"CUST-000166";"16.05.2026";"shipped";"1275,35"
"ORD-001501";"CUST-000166";"25.04.2026";"open";"297,14"
"ORD-001502";"CUST-000166";"08.03.2026";"shipped";"701,33"
"ORD-001503";"CUST-000167";"23.01.2026";"shipped";"519,79"
"ORD-001504";"CUST-000167";"08.02.2026";"shipped";"1537,14"
"ORD-001505";"CUST-000167";"30.07.2026";"shipped";"1904,89"
"ORD-001506";"CUST-000167";"28.02.2026";"shipped";"1825,64"
"ORD-001507";"CUST-000167";"09.07.2026";"shipped";"553,65"
"ORD-001508";"CUST-000168";"03.01.2026";"delivered";"830,8"
"ORD-001509";"CUST-000168";"15.01.2026";"delivered";"465,83"
"ORD-001510";"CUST-000168";"21.05.2026";"open";"875,92"
"ORD-001511";"CUST-000168";"01.06.2026";"open";"1942,87"
"ORD-001512";"CUST-000168";"09.05.2026";"shipped";"1331,63"
"ORD-001513";"CUST-000169";"23.01.2026";"shipped";"1977,67"
"ORD-001514";"CUST-000169";"25.06.2026";"shipped";"821,65"
"ORD-001515";"CUST-000169";"05.06.2026";"shipped";"776,74"
"ORD-001516";"CUST-000169";"14.03.2026";"cancelled";"1737,89"
"ORD-001517";"CUST-000170";"01.06.2026";"shipped";"738,27"
"ORD-001518";"CUST-000170";"28.03.2026";"shipped";"576,93"
"ORD-001519";"CUST-000171";"26.03.2026";"shipped";"1456,39"
"ORD-001520";"CUST-000171";"15.02.2026";"delivered";"755,93"
"ORD-001521";"CUST-000171";"20.06.2026";"delivered";"1244,59"
"ORD-001522";"CUST-000171";"05.08.2026";"processing";"461,39"
"ORD-001523";"CUST-000172";"24.06.2026";"shipped";"1090,11"
"ORD-001524";"CUST-000172";"06.02.2026";"shipped";"1480,81"
"ORD-001525";"CUST-000172";"31.01.2026";"shipped";"1906,45"
"ORD-001526";"CUST-000172";"01.02.2026";"open";"1260,06"
"ORD-001527";"CUST-000173";"15.06.2026";"delivered";"1514,62"
"ORD-001528";"CUST-000174";"18.07.2026";"open";"1664,4"
"ORD-001529";"CUST-000175";"17.05.2026";"open";"905,43"
"ORD-001530";"CUST-000176";"18.05.2026";"delivered";"1731,84"
"ORD-001531";"CUST-000176";"23.05.2026";"open";"1666,42"
"ORD-001532";"CUST-000176";"27.05.2026";"shipped";"296,32"
"ORD-001533";"CUST-000177";"22.07.2026";"shipped";"1307,84"
"ORD-001534";"CUST-000177";"06.04.2026";"returned";"916,34"
"ORD-001535";"CUST-000178";"19.05.2026";"returned";"958,23"
"ORD-001536";"CUST-000178";"10.06.2026";"open";"68,71"
"ORD-001537";"CUST-000178";"18.03.2026";"processing";"1397,74"
"ORD-001538";"CUST-000178";"19.03.2026";"shipped";"1627,97"
"ORD-001539";"CUST-000178";"28.06.2026";"shipped";"367,96"
"ORD-001540";"CUST-000179";"20.06.2026";"processing";"29,65"
"ORD-001541";"CUST-000179";"07.03.2026";"shipped";"1417,45"
"ORD-001542";"CUST-000179";"20.06.2026";"shipped";"222,85"
"ORD-001543";"CUST-000180";"03.03.2026";"open";"1737,39"
"ORD-001544";"CUST-000180";"26.05.2026";"shipped";"1559,43"
"ORD-001545";"CUST-000180";"29.01.2026";"shipped";"437,98"
"ORD-001546";"CUST-000181";"03.06.2026";"shipped";"578,42"
"ORD-001547";"CUST-000181";"16.07.2026";"open";"493,0"
"ORD-001548";"CUST-000181";"16.04.2026";"shipped";"1731,92"
"ORD-001549";"CUST-000181";"24.05.2026";"shipped";"1212,0"
"ORD-001550";"CUST-000181";"02.02.2026";"processing";"251,01"
"ORD-001551";"CUST-000182";"10.03.2026";"shipped";"1646,66"
"ORD-001552";"CUST-000182";"24.02.2026";"shipped";"1409,06"
"ORD-001553";"CUST-000182";"30.01.2026";"shipped";"1924,94"
"ORD-001554";"CUST-000183";"04.01.2026";"open";"1410,87"
"ORD-001555";"CUST-000183";"14.02.2026";"shipped";"138,99"
"ORD-001556";"CUST-000184";"07.05.2026";"shipped";"1767,45"
"ORD-001557";"CUST-000184";"30.07.2026";"shipped";"350,95"
"ORD-001558";"CUST-000184";"22.01.2026";"shipped";"62,11"
"ORD-001559";"CUST-000184";"18.03.2026";"shipped";"1901,94"
"ORD-001560";"CUST-000184";"12.01.2026";"shipped";"1290,97"
"ORD-001561";"CUST-000185";"02.07.2026";"shipped";"1690,81"
"ORD-001562";"CUST-000185";"18.05.2026";"delivered";"1525,84"
"ORD-001563";"CUST-000186";"12.07.2026";"shipped";"904,33"
"ORD-001564";"CUST-000186";"17.02.2026";"shipped";"935,52"
"ORD-001565";"CUST-000186";"19.03.2026";"processing";"1067,23"
"ORD-001566";"CUST-000187";"27.02.2026";"shipped";"594,16"
"ORD-001567";"CUST-000187";"11.02.2026";"shipped";"1409,52"
"ORD-001568";"CUST-000187";"18.04.2026";"delivered";"890,0"
"ORD-001569";"CUST-000187";"20.01.2026";"processing";"1453,32"
"ORD-001570";"CUST-000187";"12.05.2026";"processing";"668,63"
"ORD-001571";"CUST-000188";"14.04.2026";"delivered";"1332,25"
"ORD-001572";"CUST-000188";"18.01.2026";"cancelled";"1923,51"
"ORD-001573";"CUST-000188";"24.05.2026";"processing";"1258,12"
"ORD-001574";"CUST-000188";"22.06.2026";"delivered";"1790,96"
"ORD-001575";"CUST-000188";"20.03.2026";"delivered";"140,31"
"ORD-001576";"CUST-000189";"24.06.2026";"processing";"1075,09"
"ORD-001577";"CUST-000189";"05.01.2026";"cancelled";"653,68"
"ORD-001578";"CUST-000190";"03.03.2026";"delivered";"1477,97"
"ORD-001579";"CUST-000190";"14.07.2026";"shipped";"652,73"
"ORD-001580";"CUST-000190";"06.02.2026";"shipped";"619,3"
"ORD-001581";"CUST-000191";"20.01.2026";"shipped";"421,55"
"ORD-001582";"CUST-000191";"05.08.2026";"shipped";"740,02"
"ORD-001583";"CUST-000191";"11.05.2026";"shipped";"463,13"
"ORD-001584";"CUST-000191";"30.04.2026";"returned";"1460,74"
"ORD-001585";"CUST-000192";"17.06.2026";"shipped";"39,55"
"ORD-001586";"CUST-000193";"21.04.2026";"shipped";"936,39"
"ORD-001587";"CUST-000193";"23.07.2026";"shipped";"1516,69"
"ORD-001588";"CUST-000193";"31.03.2026";"cancelled";"1233,91"
"ORD-001589";"CUST-000193";"14.07.2026";"open";"676,12"
"ORD-001590";"CUST-000194";"24.03.2026";"shipped";"558,8"
"ORD-001591";"CUST-000194";"21.01.2026";"processing";"1833,87"
"ORD-001592";"CUST-000195";"01.07.2026";"cancelled";"1335,69"
"ORD-001593";"CUST-000195";"02.04.2026";"open";"1946,86"
"ORD-001594";"CUST-000196";"12.04.2026";"shipped";"1684,07"
"ORD-001595";"CUST-000196";"10.05.2026";"shipped";"1925,54"
"ORD-001596";"CUST-000196";"27.03.2026";"shipped";"759,33"
"ORD-001597";"CUST-000196";"29.06.2026";"delivered";"1564,12"
"ORD-001598";"CUST-000196";"30.04.2026";"delivered";"433,87"
"ORD-001599";"CUST-000197";"02.08.2026";"shipped";"1604,94"
"ORD-001600";"CUST-000197";"16.06.2026";"processing";"343,52"
"ORD-001601";"CUST-000198";"05.05.2026";"shipped";"872,57"
"ORD-001602";"CUST-000198";"26.01.2026";"shipped";"218,28"
"ORD-001603";"CUST-000198";"21.01.2026";"delivered";"1360,77"
"ORD-001604";"CUST-000198";"13.04.2026";"shipped";"1151,52"
"ORD-001605";"CUST-000198";"04.08.2026";"processing";"1513,46"
"ORD-001606";"CUST-000199";"18.01.2026";"shipped";"527,46"
"ORD-001607";"CUST-000199";"17.07.2026";"shipped";"320,53"
"ORD-001608";"CUST-000199";"29.05.2026";"shipped";"998,52"
"ORD-001609";"CUST-000200";"10.07.2026";"cancelled";"1691,66"
"ORD-001610";"CUST-000200";"05.04.2026";"shipped";"1661,1"
"ORD-001611";"CUST-000200";"20.03.2026";"cancelled";"1849,39"
"ORD-001612";"CUST-000200";"08.03.2026";"shipped";"900,63"
"ORD-001613";"CUST-000200";"17.03.2026";"open";"1343,15"
"ORD-001614";"CUST-000201";"15.01.2026";"shipped";"1443,14"
"ORD-001615";"CUST-000201";"13.03.2026";"cancelled";"1868,06"
"ORD-001616";"CUST-000201";"01.02.2026";"processing";"1512,01"
"ORD-001617";"CUST-000201";"04.07.2026";"shipped";"1823,78"
"ORD-001618";"CUST-000202";"05.04.2026";"open";"362,02"
"ORD-001619";"CUST-000202";"03.08.2026";"cancelled";"811,51"
"ORD-001620";"CUST-000202";"02.04.2026";"shipped";"1026,2"
"ORD-001621";"CUST-000203";"05.08.2026";"delivered";"1517,86"
"ORD-001622";"CUST-000203";"05.06.2026";"shipped";"911,55"
"ORD-001623";"CUST-000203";"26.04.2026";"processing";"1635,66"
"ORD-001624";"CUST-000204";"02.07.2026";"open";"65,39"
"ORD-001625";"CUST-000204";"18.05.2026";"shipped";"856,84"
"ORD-001626";"CUST-000204";"23.02.2026";"open";"1277,7"
"ORD-001627";"CUST-000204";"20.01.2026";"shipped";"793,76"
"ORD-001628";"CUST-000204";"03.08.2026";"processing";"1408,86"
"ORD-001629";"CUST-000205";"16.01.2026";"shipped";"561,7"
"ORD-001630";"CUST-000205";"23.01.2026";"open";"771,66"
"ORD-001631";"CUST-000205";"03.02.2026";"delivered";"1940,06"
"ORD-001632";"CUST-000206";"22.03.2026";"shipped";"1744,93"
"ORD-001633";"CUST-000206";"27.04.2026";"processing";"1081,63"
"ORD-001634";"CUST-000206";"23.03.2026";"shipped";"1218,84"
"ORD-001635";"CUST-000206";"17.01.2026";"shipped";"1555,24"
"ORD-001636";"CUST-000206";"28.07.2026";"shipped";"819,99"
"ORD-001637";"CUST-000207";"16.03.2026";"shipped";"186,26"
"ORD-001638";"CUST-000208";"09.03.2026";"shipped";"1540,59"
"ORD-001639";"CUST-000208";"06.02.2026";"open";"1110,67"
"ORD-001640";"CUST-000209";"13.03.2026";"shipped";"510,72"
"ORD-001641";"CUST-000210";"06.02.2026";"processing";"1868,52"
"ORD-001642";"CUST-000210";"13.05.2026";"open";"251,17"
"ORD-001643";"CUST-000210";"05.07.2026";"shipped";"1520,35"
"ORD-001644";"CUST-000210";"22.06.2026";"processing";"572,52"
"ORD-001645";"CUST-000210";"30.06.2026";"shipped";"311,51"
"ORD-001646";"CUST-000211";"19.02.2026";"shipped";"902,82"
"ORD-001647";"CUST-000211";"22.01.2026";"shipped";"1150,35"
"ORD-001648";"CUST-000211";"13.05.2026";"open";"354,09"
"ORD-001649";"CUST-000211";"09.05.2026";"shipped";"1408,49"
"ORD-001650";"CUST-000212";"05.06.2026";"cancelled";"1597,57"
"ORD-001651";"CUST-000213";"24.03.2026";"shipped";"114,1"
"ORD-001652";"CUST-000213";"14.06.2026";"shipped";"76,08"
"ORD-001653";"CUST-000213";"21.02.2026";"delivered";"119,72"
"ORD-001654";"CUST-000213";"06.03.2026";"shipped";"918,67"
"ORD-001655";"CUST-000213";"18.02.2026";"processing";"1383,78"
"ORD-001656";"CUST-000214";"05.05.2026";"open";"1764,31"
"ORD-001657";"CUST-000214";"15.02.2026";"shipped";"1359,66"
"ORD-001658";"CUST-000214";"25.04.2026";"processing";"1569,35"
"ORD-001659";"CUST-000214";"27.02.2026";"open";"1702,27"
"ORD-001660";"CUST-000215";"08.06.2026";"processing";"117,27"
"ORD-001661";"CUST-000216";"25.06.2026";"shipped";"160,57"
"ORD-001662";"CUST-000216";"13.06.2026";"shipped";"1495,95"
"ORD-001663";"CUST-000216";"30.07.2026";"shipped";"320,33"
"ORD-001664";"CUST-000216";"02.01.2026";"open";"905,98"
"ORD-001665";"CUST-000216";"01.08.2026";"shipped";"1930,59"
"ORD-001666";"CUST-000217";"27.03.2026";"processing";"1187,32"
"ORD-001667";"CUST-000217";"12.07.2026";"shipped";"759,6"
"ORD-001668";"CUST-000217";"27.07.2026";"shipped";"1211,55"
"ORD-001669";"CUST-000218";"04.05.2026";"cancelled";"869,39"
"ORD-001670";"CUST-000218";"24.02.2026";"processing";"1987,02"
"ORD-001671";"CUST-000219";"25.03.2026";"open";"553,73"
"ORD-001672";"CUST-000219";"28.07.2026";"delivered";"1662,02"
"ORD-001673";"CUST-000220";"12.05.2026";"shipped";"1897,77"
"ORD-001674";"CUST-000220";"14.02.2026";"shipped";"1254,83"
"ORD-001675";"CUST-000220";"08.03.2026";"shipped";"627,54"
"ORD-001676";"CUST-000220";"19.02.2026";"cancelled";"445,04"
"ORD-001677";"CUST-000221";"09.03.2026";"processing";"331,14"
"ORD-001678";"CUST-000221";"29.03.2026";"shipped";"484,91"
"ORD-001679";"CUST-000221";"11.04.2026";"processing";"1681,5"
"ORD-001680";"CUST-000221";"16.01.2026";"cancelled";"737,4"
"ORD-001681";"CUST-000221";"03.04.2026";"shipped";"1387,75"
"ORD-001682";"CUST-000222";"16.01.2026";"shipped";"132,7"
"ORD-001683";"CUST-000222";"05.03.2026";"open";"1072,77"
"ORD-001684";"CUST-000222";"05.06.2026";"shipped";"352,49"
"ORD-001685";"CUST-000223";"28.02.2026";"delivered";"36,06"
"ORD-001686";"CUST-000223";"04.04.2026";"delivered";"1608,18"
"ORD-001687";"CUST-000223";"27.06.2026";"processing";"1925,03"
"ORD-001688";"CUST-000223";"12.03.2026";"shipped";"1902,45"
"ORD-001689";"CUST-000224";"09.05.2026";"shipped";"1388,55"
"ORD-001690";"CUST-000225";"12.08.2026";"cancelled";"430,62"
"ORD-001691";"CUST-000225";"20.06.2026";"shipped";"344,65"
"ORD-001692";"CUST-000225";"05.04.2026";"delivered";"897,64"
"ORD-001693";"CUST-000225";"06.07.2026";"shipped";"1203,23"
"ORD-001694";"CUST-000225";"10.06.2026";"delivered";"377,87"
"ORD-001695";"CUST-000226";"03.03.2026";"shipped";"1129,79"
"ORD-001696";"CUST-000227";"06.02.2026";"shipped";"979,1"
"ORD-001697";"CUST-000227";"21.06.2026";"processing";"80,1"
"ORD-001698";"CUST-000227";"22.06.2026";"delivered";"1136,37"
"ORD-001699";"CUST-000228";"26.07.2026";"delivered";"1140,55"
"ORD-001700";"CUST-000228";"27.06.2026";"shipped";"1374,47"
"ORD-001701";"CUST-000228";"06.06.2026";"shipped";"421,24"
"ORD-001702";"CUST-000228";"16.07.2026";"open";"1561,79"
"ORD-001703";"CUST-000228";"30.06.2026";"shipped";"1429,04"
"ORD-001704";"CUST-000229";"13.01.2026";"shipped";"1869,33"
"ORD-001705";"CUST-000229";"02.02.2026";"delivered";"1698,51"
"ORD-001706";"CUST-000229";"22.05.2026";"shipped";"508,52"
"ORD-001707";"CUST-000229";"19.07.2026";"processing";"1562,31"
"ORD-001708";"CUST-000229";"26.02.2026";"open";"480,81"
"ORD-001709";"CUST-000230";"14.06.2026";"returned";"853,73"
"ORD-001710";"CUST-000230";"05.02.2026";"shipped";"1494,6"
"ORD-001711";"CUST-000231";"21.02.2026";"shipped";"1511,99"
"ORD-001712";"CUST-000231";"12.07.2026";"open";"1992,56"
"ORD-001713";"CUST-000231";"02.06.2026";"delivered";"1945,4"
"ORD-001714";"CUST-000231";"19.01.2026";"shipped";"1509,3"
"ORD-001715";"CUST-000232";"06.01.2026";"shipped";"320,52"
"ORD-001716";"CUST-000232";"08.08.2026";"delivered";"1899,94"
"ORD-001717";"CUST-000232";"10.06.2026";"open";"1756,85"
"ORD-001718";"CUST-000232";"11.02.2026";"delivered";"787,68"
"ORD-001719";"CUST-000233";"17.01.2026";"delivered";"188,93"
"ORD-001720";"CUST-000233";"31.05.2026";"shipped";"1242,14"
"ORD-001721";"CUST-000233";"27.04.2026";"shipped";"1089,61"
"ORD-001722";"CUST-000233";"18.04.2026";"shipped";"196,68"
"ORD-001723";"CUST-000234";"01.04.2026";"shipped";"1830,66"
"ORD-001724";"CUST-000234";"07.07.2026";"shipped";"1146,47"
"ORD-001725";"CUST-000235";"16.03.2026";"shipped";"132,63"
"ORD-001726";"CUST-000235";"03.04.2026";"processing";"1112,18"
"ORD-001727";"CUST-000236";"28.02.2026";"processing";"351,69"
"ORD-001728";"CUST-000236";"11.02.2026";"delivered";"978,82"
"ORD-001729";"CUST-000237";"25.05.2026";"open";"469,7"
"ORD-001730";"CUST-000237";"23.01.2026";"processing";"173,65"
"ORD-001731";"CUST-000238";"11.05.2026";"shipped";"1947,19"
"ORD-001732";"CUST-000238";"27.03.2026";"shipped";"752,46"
"ORD-001733";"CUST-000238";"28.05.2026";"shipped";"175,99"
"ORD-001734";"CUST-000238";"06.06.2026";"shipped";"325,73"
"ORD-001735";"CUST-000238";"25.06.2026";"open";"308,86"
"ORD-001736";"CUST-000239";"02.08.2026";"processing";"586,99"
"ORD-001737";"CUST-000239";"21.03.2026";"shipped";"1757,54"
"ORD-001738";"CUST-000239";"23.01.2026";"shipped";"1779,6"
"ORD-001739";"CUST-000239";"30.05.2026";"open";"960,48"
"ORD-001740";"CUST-000239";"20.02.2026";"delivered";"1210,72"
"ORD-001741";"CUST-000240";"18.05.2026";"processing";"1007,88"
"ORD-001742";"CUST-000240";"12.02.2026";"shipped";"1924,26"
"ORD-001743";"CUST-000240";"09.03.2026";"shipped";"1966,03"
"ORD-001744";"CUST-000240";"05.06.2026";"open";"495,61"
"ORD-001745";"CUST-000241";"19.03.2026";"shipped";"679,12"
"ORD-001746";"CUST-000241";"18.06.2026";"open";"1424,79"
"ORD-001747";"CUST-000241";"14.04.2026";"open";"551,77"
"ORD-001748";"CUST-000241";"20.04.2026";"cancelled";"1498,59"
"ORD-001749";"CUST-000241";"21.05.2026";"delivered";"1064,24"
"ORD-001750";"CUST-000242";"21.01.2026";"delivered";"1354,15"
"ORD-001751";"CUST-000242";"02.08.2026";"shipped";"430,65"
"ORD-001752";"CUST-000242";"12.05.2026";"delivered";"539,74"
"ORD-001753";"CUST-000242";"06.08.2026";"processing";"1884,96"
"ORD-001754";"CUST-000243";"07.08.2026";"shipped";"1709,14"
"ORD-001755";"CUST-000243";"20.03.2026";"delivered";"1500,87"
"ORD-001756";"CUST-000243";"29.04.2026";"processing";"890,69"
"ORD-001757";"CUST-000243";"28.04.2026";"shipped";"103,11"
"ORD-001758";"CUST-000243";"26.05.2026";"shipped";"1273,58"
"ORD-001759";"CUST-000244";"02.06.2026";"delivered";"1613,14"
"ORD-001760";"CUST-000244";"08.04.2026";"shipped";"1567,25"
"ORD-001761";"CUST-000245";"19.01.2026";"shipped";"1405,11"
"ORD-001762";"CUST-000246";"15.06.2026";"open";"1469,99"
"ORD-001763";"CUST-000246";"20.03.2026";"open";"1177,36"
"ORD-001764";"CUST-000246";"05.01.2026";"open";"511,62"
"ORD-001765";"CUST-000246";"29.06.2026";"processing";"833,37"
"ORD-001766";"CUST-000246";"11.06.2026";"shipped";"826,16"
"ORD-001767";"CUST-000247";"10.05.2026";"shipped";"97,15"
"ORD-001768";"CUST-000247";"17.02.2026";"processing";"619,44"
"ORD-001769";"CUST-000247";"25.06.2026";"delivered";"448,89"
"ORD-001770";"CUST-000248";"16.07.2026";"delivered";"1467,49"
"ORD-001771";"CUST-000248";"20.07.2026";"shipped";"1074,4"
"ORD-001772";"CUST-000248";"15.02.2026";"processing";"1542,08"
"ORD-001773";"CUST-000248";"04.03.2026";"processing";"806,63"
"ORD-001774";"CUST-000248";"22.05.2026";"shipped";"1103,78"
"ORD-001775";"CUST-000249";"09.01.2026";"shipped";"1912,88"
"ORD-001776";"CUST-000249";"14.02.2026";"shipped";"1033,38"
"ORD-001777";"CUST-000249";"26.03.2026";"shipped";"844,23"
"ORD-001778";"CUST-000250";"10.08.2026";"open";"235,29"
"ORD-001779";"CUST-000250";"11.05.2026";"shipped";"693,54"
"ORD-001780";"CUST-000250";"16.02.2026";"shipped";"917,48"
"ORD-001781";"CUST-000250";"31.03.2026";"shipped";"407,13"
