"id";"order_id";"tracking_code";"shipped_at"
"SHP-000001";"ORD-001000";"DHL-DE-78719562";"2026-01-27 02:15"
"SHP-000002";"ORD-001001";"DHL-DE-95322464";"2026-03-27 10:21"
"SHP-000003";"ORD-001002";"DHL-PL-50175675";"2026-03-22 22:47"
"SHP-000004";"ORD-001003";"DHL-DE-49478075";"2026-06-20 03:40"
"SHP-000005";"ORD-001004";"DHL-DE-17420962";"2026-07-04 08:22"
"SHP-000006";"ORD-001005";"DHL-NL-71363509";"2026-04-14 18:54"
"SHP-000007";"ORD-001006";"DHL-DE-53135272";"2026-05-03 15:36"
"SHP-000008";"ORD-001007";"DHL-CH-37167258";"2026-07-26 11:49"
"SHP-000009";"ORD-001008";"DHL-CH-59730504";"2026-03-18 07:29"
"SHP-000010";"ORD-001009";"DHL-FR-46023183";"2026-06-06 05:42"
"SHP-000011";"ORD-001010";"DHL-DE-98671511";"2026-07-29 01:53"
"SHP-000012";"ORD-001011";"DHL-CH-46123187";"2026-07-02 08:12"
"SHP-000013";"ORD-001012";"DHL-DE-21004473";"2026-02-21 05:31"
"SHP-000014";"ORD-001013";"DHL-DE-71842262";"2026-05-29 06:30"
"SHP-000015";"ORD-001014";"DHL-DE-25516929";"2026-04-10 13:28"
"SHP-000016";"ORD-001015";"DHL-FR-14676462";"2026-01-29 04:18"
"SHP-000017";"ORD-001016";"DHL-CH-89065490";"2026-07-28 07:04"
"SHP-000018";"ORD-001017";"DHL-CH-43553900";"2026-05-14 09:42"
"SHP-000019";"ORD-001018";"DHL-NL-32914866";"2026-05-12 15:04"
"SHP-000020";"ORD-001019";"DHL-DE-88497332";"2026-05-18 10:21"
"SHP-000021";"ORD-001020";"DHL-CH-56074246";"2026-05-27 06:56"
"SHP-000022";"ORD-001021";"DHL-DE-32168518";"2026-07-06 14:21"
"SHP-000023";"ORD-001022";"DHL-DE-58841305";"2026-03-06 05:56"
"SHP-000024";"ORD-001023";"DHL-PL-94145197";"2026-08-13 08:31"
"SHP-000025";"ORD-001024";"DHL-DE-35747165";"2026-08-11 18:05"
"SHP-000026";"ORD-001025";"DHL-DE-65474829";"2026-05-26 12:58"
"SHP-000027";"ORD-001026";"DHL-DE-44245307";"2026-04-01 15:00"
"SHP-000028";"ORD-001027";"DHL-FR-47069212";"2026-07-20 02:19"
"SHP-000029";"ORD-001028";"DHL-DE-35970458";"2026-06-05 07:21"
"SHP-000030";"ORD-001029";"DHL-AT-87488126";"2026-07-14 17:16"
"SHP-000031";"ORD-001030";"DHL-AT-10161403";"2026-03-04 16:22"
"SHP-000032";"ORD-001031";"DHL-DE-91871708";"2026-04-27 23:58"
"SHP-000033";"ORD-001032";"DHL-AT-38330729";"2026-04-15 03:44"
"SHP-000034";"ORD-001033";"DHL-AT-89112419";"2026-03-06 12:01"
"SHP-000035";"ORD-001034";"DHL-DE-78235186";"2026-05-20 06:33"
"SHP-000036";"ORD-001035";"DHL-AT-80576014";"2026-03-03 02:00"
"SHP-000037";"ORD-001036";"DHL-AT-32052832";"2026-07-26 07:01"
"SHP-000038";"ORD-001037";"DHL-DE-19012634";"2026-06-26 19:26"
"SHP-000039";"ORD-001038";"DHL-NL-84085150";"2026-03-05 05:09"
"SHP-000040";"ORD-001039";"DHL-NL-42766912";"2026-01-15 09:30"
"SHP-000041";"ORD-001040";"DHL-DE-44193504";"2026-07-19 10:09"
"SHP-000042";"ORD-001041";"DHL-DE-45809412";"2026-06-28 13:03"
"SHP-000043";"ORD-001042";"DHL-DE-57968452";"2026-04-28 15:43"
"SHP-000044";"ORD-001043";"DHL-CH-65672482";"2026-04-12 14:36"
"SHP-000045";"ORD-001044";"DHL-DE-39208810";"2026-03-16 11:41"
"SHP-000046";"ORD-001045";"DHL-AT-67267342";"2026-06-24 10:32"
"SHP-000047";"ORD-001046";"DHL-CH-64094003";"2026-04-27 09:35"
"SHP-000048";"ORD-001047";"DHL-NL-87173409";"2026-03-20 08:00"
"SHP-000049";"ORD-001048";"DHL-DE-73165105";"2026-05-30 11:22"
"SHP-000050";"ORD-001049";"DHL-DE-61379859";"2026-04-30 14:01"
"SHP-000051";"ORD-001050";"DHL-DE-52051393";"2026-03-27 20:40"
"SHP-000052";"ORD-001051";"DHL-DE-68347967";"2026-03-17 20:59"
"SHP-000053";"ORD-001052";"DHL-DE-49236045";"2026-01-16 18:58"
"SHP-000054";"ORD-001053";"DHL-NL-14920918";"2026-08-08 05:33"
"SHP-000055";"ORD-001054";"DHL-NL-44823157";"2026-06-24 12:45"
"SHP-000056";"ORD-001055";"DHL-DE-26273262";"2026-03-24 03:26"
"SHP-000057";"ORD-001056";"DHL-FR-33271724";"2026-05-04 11:19"
"SHP-000058";"ORD-001057";"DHL-DE-16226624";"2026-08-13 13:49"
"SHP-000059";"ORD-001058";"DHL-AT-47170587";"2026-08-09 16:50"
"SHP-000060";"ORD-001059";"DHL-AT-32711157";"2026-02-27 07:06"
"SHP-000061";"ORD-001060";"DHL-CH-63288520";"2026-01-31 17:39"
"SHP-000062";"ORD-001061";"DHL-AT-49038351";"2026-03-23 03:14"
"SHP-000063";"ORD-001062";"DHL-PL-46884524";"2026-07-24 13:39"
"SHP-000064";"ORD-001063";"DHL-FR-69061450";"2026-08-06 12:06"
"SHP-000065";"ORD-001064";"DHL-AT-76785243";"2026-02-02 11:30"
"SHP-000066";"ORD-001065";"DHL-DE-18947908";"2026-03-05 23:40"
"SHP-000067";"ORD-001066";"DHL-DE-18227287";"2026-04-23 19:17"
"SHP-000068";"ORD-001067";"DHL-DE-27933726";"2026-02-01 14:26"
"SHP-000069";"ORD-001068";"DHL-PL-78597557";"2026-03-30 15:45"
"SHP-000070";"ORD-001069";"DHL-AT-82904829";"2026-05-29 13:55"
"SHP-000071";"ORD-001070";"DHL-AT-65442346";"2026-01-18 13:56"
"SHP-000072";"ORD-001071";"DHL-DE-16406407";"2026-01-03 18:13"
"SHP-000073";"ORD-001072";"DHL-DE-56393860";"2026-05-30 05:17"
"SHP-000074";"ORD-001073";"DHL-DE-14762425";"2026-03-30 13:29"
"SHP-000075";"ORD-001074";"DHL-DE-61243055";"2026-01-09 23:51"
"SHP-000076";"ORD-001075";"DHL-DE-68015643";"2026-01-11 15:42"
"SHP-000077";"ORD-001076";"DHL-AT-73665979";"2026-03-14 16:16"
"SHP-000078";"ORD-001077";"DHL-FR-86446366";"2026-04-27 13:16"
"SHP-000079";"ORD-001078";"DHL-DE-74016129";"2026-02-21 06:09"
"SHP-000080";"ORD-001079";"DHL-DE-24149125";"2026-02-17 09:44"
"SHP-000081";"ORD-001080";"DHL-CH-67818375";"2026-05-11 18:55"
"SHP-000082";"ORD-001081";"DHL-DE-95254320";"2026-06-17 04:00"
"SHP-000083";"ORD-001082";"DHL-DE-62934852";"2026-06-08 01:06"
"SHP-000084";"ORD-001083";"DHL-DE-62184949";"2026-08-12 12:08"
"SHP-000085";"ORD-001084";"DHL-DE-87319061";"2026-08-12 05:54"
"SHP-000086";"ORD-001085";"DHL-DE-16946459";"2026-05-23 08:04"
"SHP-000087";"ORD-001086";"DHL-DE-95972384";"2026-07-29 08:52"
"SHP-000088";"ORD-001087";"DHL-AT-40119265";"2026-05-01 23:53"
"SHP-000089";"ORD-001088";"DHL-AT-61527056";"2026-01-28 04:37"
"SHP-000090";"ORD-001089";"DHL-FR-68075583";"2026-02-20 15:21"
"SHP-000091";"ORD-001090";"DHL-CH-25897913";"2026-08-07 00:07"
"SHP-000092";"ORD-001091";"DHL-DE-95860947";"2026-07-17 08:45"
"SHP-000093";"ORD-001092";"DHL-CH-78335947";"2026-05-20 18:47"
"SHP-000094";"ORD-001093";"DHL-DE-10631750";"2026-05-27 18:03"
"SHP-000095";"ORD-001094";"DHL-DE-44831813";"2026-07-10 00:48"
"SHP-000096";"ORD-001095";"DHL-AT-89534206";"2026-02-26 23:51"
"SHP-000097";"ORD-001096";"DHL-DE-47198132";"2026-07-06 02:55"
"SHP-000098";"ORD-001097";"DHL-NL-82511319";"2026-05-19 05:10"
"SHP-000099";"ORD-001098";"DHL-DE-10418434";"2026-01-06 03:57"
"SHP-000100";"ORD-001099";"DHL-DE-45610163";"2026-08-12 17:36"
"SHP-000101";"ORD-001100";"DHL-AT-69183834";"2026-06-16 14:08"
"SHP-000102";"ORD-001101";"DHL-DE-74039838";"2026-05-08 20:36"
"SHP-000103";"ORD-001102";"DHL-AT-13094211";"2026-04-09 06:06"
"SHP-000104";"ORD-001103";"DHL-FR-61128077";"2026-01-31 10:46"
"SHP-000105";"ORD-001104";"DHL-DE-78419420";"2026-05-09 16:00"
"SHP-000106";"ORD-001105";"DHL-AT-25831512";"2026-01-26 06:03"
"SHP-000107";"ORD-001106";"DHL-CH-46444218";"2026-02-06 22:37"
"SHP-000108";"ORD-001107";"DHL-DE-58037803";"2026-06-02 06:51"
"SHP-000109";"ORD-001108";"DHL-DE-44432101";"2026-06-26 09:01"
"SHP-000110";"ORD-001109";"DHL-DE-99473669";"2026-06-14 11:49"
"SHP-000111";"ORD-001110";"DHL-NL-62657602";"2026-07-05 14:47"
"SHP-000112";"ORD-001111";"DHL-DE-86331470";"2026-05-29 02:14"
"SHP-000113";"ORD-001112";"DHL-DE-96741112";"2026-03-04 08:10"
"SHP-000114";"ORD-001113";"DHL-DE-47443959";"2026-03-01 00:57"
"SHP-000115";"ORD-001114";"DHL-DE-64748628";"2026-01-20 21:25"
"SHP-000116";"ORD-001115";"DHL-DE-68067030";"2026-03-25 12:20"
"SHP-000117";"ORD-001116";"DHL-DE-56399283";"2026-07-07 11:10"
"SHP-000118";"ORD-001117";"DHL-AT-27596245";"2026-05-20 15:23"
"SHP-000119";"ORD-001118";"DHL-FR-30660995";"2026-04-17 12:57"
"SHP-000120";"ORD-001119";"DHL-DE-54710951";"2026-06-28 03:41"
"SHP-000121";"ORD-001120";"DHL-DE-59234233";"2026-04-21 03:49"
"SHP-000122";"ORD-001121";"DHL-DE-38863539";"2026-01-15 13:38"
"SHP-000123";"ORD-001122";"DHL-AT-88186331";"2026-05-22 02:53"
"SHP-000124";"ORD-001123";"DHL-DE-24407617";"2026-05-04 06:27"
"SHP-000125";"ORD-001124";"DHL-CH-25533384";"2026-07-20 20:48"
"SHP-000126";"ORD-001125";"DHL-FR-77737089";"2026-08-13 13:41"
"SHP-000127";"ORD-001126";"DHL-NL-39747278";"2026-05-06 23:59"
"SHP-000128";"ORD-001127";"DHL-DE-69571503";"2026-04-18 00:33"
"SHP-000129";"ORD-001128";"DHL-PL-29162421";"2026-03-12 19:57"
"SHP-000130";"ORD-001129";"DHL-AT-17879459";"2026-01-01 22:09"
"SHP-000131";"ORD-001130";"DHL-DE-47646685";"2026-02-16 11:17"
"SHP-000132";"ORD-001131";"DHL-DE-46775532";"2026-04-27 02:10"
"SHP-000133";"ORD-001132";"DHL-AT-83765597";"2026-03-04 08:19"
"SHP-000134";"ORD-001133";"DHL-CH-45445910";"2026-01-31 12:52"
"SHP-000135";"ORD-001134";"DHL-FR-12750295";"2026-03-04 05:00"
"SHP-000136";"ORD-001135";"DHL-CH-21945714";"2026-07-01 22:34"
"SHP-000137";"ORD-001136";"DHL-AT-34934830";"2026-04-21 21:28"
"SHP-000138";"ORD-001137";"DHL-DE-64231180";"2026-08-11 18:28"
"SHP-000139";"ORD-001138";"DHL-DE-23047078";"2026-04-01 08:49"
"SHP-000140";"ORD-001139";"DHL-DE-64926136";"2026-03-16 04:35"
"SHP-000141";"ORD-001140";"DHL-AT-30134485";"2026-02-23 20:38"
"SHP-000142";"ORD-001141";"DHL-NL-10164171";"2026-01-02 21:52"
"SHP-000143";"ORD-001142";"DHL-PL-46192459";"2026-04-20 20:28"
"SHP-000144";"ORD-001143";"DHL-NL-27689334";"2026-07-12 00:05"
"SHP-000145";"ORD-001144";"DHL-DE-57473870";"2026-07-31 16:32"
"SHP-000146";"ORD-001145";"DHL-DE-11215892";"2026-07-12 23:51"
"SHP-000147";"ORD-001146";"DHL-DE-52186405";"2026-02-10 20:26"
"SHP-000148";"ORD-001147";"DHL-DE-47829054";"2026-03-19 09:39"
"SHP-000149";"ORD-001148";"DHL-CH-54881765";"2026-01-24 21:13"
"SHP-000150";"ORD-001149";"DHL-DE-64046485";"2026-03-06 18:15"
"SHP-000151";"ORD-001150";"DHL-CH-59338700";"2026-04-02 09:30"
"SHP-000152";"ORD-001151";"DHL-DE-22484615";"2026-06-23 20:45"
"SHP-000153";"ORD-001152";"DHL-DE-50384887";"2026-04-24 06:52"
"SHP-000154";"ORD-001153";"DHL-DE-48351502";"2026-01-28 00:58"
"SHP-000155";"ORD-001154";"DHL-DE-20205454";"2026-01-23 06:44"
"SHP-000156";"ORD-001155";"DHL-DE-58479785";"2026-08-13 00:52"
"SHP-000157";"ORD-001156";"DHL-DE-56454682";"2026-08-06 00:07"
"SHP-000158";"ORD-001157";"DHL-DE-85033613";"2026-06-10 16:15"
"SHP-000159";"ORD-001158";"DHL-AT-57471055";"2026-05-09 08:46"
"SHP-000160";"ORD-001159";"DHL-DE-17925439";"2026-05-12 16:29"
"SHP-000161";"ORD-001160";"DHL-DE-60159391";"2026-05-09 13:30"
"SHP-000162";"ORD-001161";"DHL-DE-53132198";"2026-05-03 01:34"
"SHP-000163";"ORD-001162";"DHL-DE-23747370";"2026-06-04 22:38"
"SHP-000164";"ORD-001163";"DHL-DE-23068314";"2026-05-21 11:07"
"SHP-000165";"ORD-001164";"DHL-DE-71254637";"2026-02-02 17:44"
"SHP-000166";"ORD-001165";"DHL-DE-95679588";"2026-01-26 14:59"
"SHP-000167";"ORD-001166";"DHL-DE-20205941";"2026-05-01 10:46"
"SHP-000168";"ORD-001167";"DHL-DE-35210913";"2026-07-05 10:35"
"SHP-000169";"ORD-001168";"DHL-FR-30269229";"2026-03-28 04:33"
"SHP-000170";"ORD-001169";"DHL-DE-58321436";"2026-01-04 13:06"
"SHP-000171";"ORD-001170";"DHL-DE-83808781";"2026-02-07 15:56"
"SHP-000172";"ORD-001171";"DHL-AT-21818046";"2026-06-02 23:00"
"SHP-000173";"ORD-001172";"DHL-DE-38983443";"2026-01-17 21:54"
"SHP-000174";"ORD-001173";"DHL-FR-79558224";"2026-06-20 10:25"
"SHP-000175";"ORD-001174";"DHL-AT-88753751";"2026-02-05 04:51"
"SHP-000176";"ORD-001175";"DHL-DE-97631840";"2026-01-16 15:06"
"SHP-000177";"ORD-001176";"DHL-DE-93570423";"2026-04-05 13:02"
"SHP-000178";"ORD-001177";"DHL-CH-97381674";"2026-01-05 09:13"
"SHP-000179";"ORD-001178";"DHL-FR-32987495";"2026-08-09 10:40"
"SHP-000180";"ORD-001179";"DHL-DE-36832988";"2026-02-03 18:23"
"SHP-000181";"ORD-001180";"DHL-CH-62864943";"2026-04-26 20:59"
"SHP-000182";"ORD-001181";"DHL-AT-17528019";"2026-04-26 08:21"
"SHP-000183";"ORD-001182";"DHL-DE-15797719";"2026-03-30 01:24"
"SHP-000184";"ORD-001183";"DHL-DE-33383711";"2026-05-14 03:49"
"SHP-000185";"ORD-001184";"DHL-DE-18711096";"2026-02-28 02:34"
"SHP-000186";"ORD-001185";"DHL-DE-18549876";"2026-01-13 02:09"
"SHP-000187";"ORD-001186";"DHL-DE-85129302";"2026-07-21 20:44"
"SHP-000188";"ORD-001187";"DHL-DE-13390774";"2026-02-20 11:05"
"SHP-000189";"ORD-001188";"DHL-AT-68343358";"2026-07-14 14:43"
"SHP-000190";"ORD-001189";"DHL-FR-74178505";"2026-05-15 08:28"
"SHP-000191";"ORD-001190";"DHL-NL-10935565";"2026-01-26 22:48"
"SHP-000192";"ORD-001191";"DHL-NL-19334201";"2026-07-01 22:27"
"SHP-000193";"ORD-001192";"DHL-NL-29631392";"2026-06-06 12:58"
"SHP-000194";"ORD-001193";"DHL-DE-68781898";"2026-03-15 05:45"
"SHP-000195";"ORD-001194";"DHL-AT-47429755";"2026-07-08 06:10"
"SHP-000196";"ORD-001195";"DHL-NL-44251191";"2026-08-08 05:03"
"SHP-000197";"ORD-001196";"DHL-CH-85544954";"2026-08-07 16:53"
"SHP-000198";"ORD-001197";"DHL-DE-27297619";"2026-04-23 02:30"
"SHP-000199";"ORD-001198";"DHL-DE-53804986";"2026-01-04 15:06"
"SHP-000200";"ORD-001199";"DHL-DE-99255321";"2026-04-12 08:10"
"SHP-000201";"ORD-001200";"DHL-NL-95000883";"2026-03-19 20:46"
"SHP-000202";"ORD-001201";"DHL-FR-90181574";"2026-06-06 22:41"
"SHP-000203";"ORD-001202";"DHL-DE-46457740";"2026-02-04 12:49"
"SHP-000204";"ORD-001203";"DHL-CH-78654845";"2026-05-25 12:09"
"SHP-000205";"ORD-001204";"DHL-AT-18753603";"2026-02-24 19:10"
"SHP-000206";"ORD-001205";"DHL-DE-55077138";"2026-08-06 19:24"
"SHP-000207";"ORD-001206";"DHL-AT-30292492";"2026-03-16 18:10"
"SHP-000208";"ORD-001207";"DHL-DE-58435449";"2026-03-12 14:31"
"SHP-000209";"ORD-001208";"DHL-DE-74915330";"2026-03-03 01:21"
"SHP-000210";"ORD-001209";"DHL-DE-51779764";"2026-06-07 18:00"
"SHP-000211";"ORD-001210";"DHL-DE-76785451";"2026-01-26 12:11"
"SHP-000212";"ORD-001211";"DHL-DE-45692969";"2026-01-01 12:41"
"SHP-000213";"ORD-001212";"DHL-NL-25051769";"2026-05-15 23:39"
"SHP-000214";"ORD-001213";"DHL-DE-10442558";"2026-06-02 04:00"
"SHP-000215";"ORD-001214";"DHL-NL-94027659";"2026-02-04 11:22"
"SHP-000216";"ORD-001215";"DHL-DE-54749399";"2026-04-10 08:25"
"SHP-000217";"ORD-001216";"DHL-AT-82496979";"2026-01-24 04:28"
"SHP-000218";"ORD-001217";"DHL-DE-31282687";"2026-08-04 15:34"
"SHP-000219";"ORD-001218";"DHL-DE-90470433";"2026-04-26 09:45"
"SHP-000220";"ORD-001219";"DHL-AT-53337550";"2026-02-07 03:36"
"SHP-000221";"ORD-001220";"DHL-AT-34519842";"2026-03-11 04:56"
"SHP-000222";"ORD-001221";"DHL-DE-10429692";"2026-05-27 05:10"
"SHP-000223";"ORD-001222";"DHL-DE-40434318";"2026-08-13 12:13"
"SHP-000224";"ORD-001223";"DHL-CH-58610415";"2026-04-11 15:42"
"SHP-000225";"ORD-001224";"DHL-DE-88984485";"2026-04-19 02:19"
"SHP-000226";"ORD-001225";"DHL-CH-66613644";"2026-04-25 23:16"
"SHP-000227";"ORD-001226";"DHL-DE-90092078";"2026-03-30 23:36"
"SHP-000228";"ORD-001227";"DHL-FR-35185580";"2026-01-05 02:26"
"SHP-000229";"ORD-001228";"DHL-AT-48658087";"2026-06-04 21:38"
"SHP-000230";"ORD-001229";"DHL-CH-71679652";"2026-04-22 18:07"
"SHP-000231";"ORD-001230";"DHL-NL-50960878";"2026-06-17 17:33"
"SHP-000232";"ORD-001231";"DHL-PL-87458403";"2026-07-14 01:51"
"SHP-000233";"ORD-001232";"DHL-DE-54322255";"2026-03-02 21:25"
"SHP-000234";"ORD-001233";"DHL-DE-94130010";"2026-01-01 16:28"
"SHP-000235";"ORD-001234";"DHL-AT-10444348";"2026-05-04 18:56"
"SHP-000236";"ORD-001235";"DHL-DE-63347898";"2026-03-14 23:08"
"SHP-000237";"ORD-001236";"DHL-PL-34485338";"2026-04-25 21:39"
"SHP-000238";"ORD-001237";"DHL-FR-16270239";"2026-07-18 17:29"
"SHP-000239";"ORD-001238";"DHL-DE-32033615";"2026-04-26 08:18"
"SHP-000240";"ORD-001239";"DHL-DE-34723978";"2026-04-07 22:28"
"SHP-000241";"ORD-001240";"DHL-DE-25796407";"2026-05-14 17:10"
"SHP-000242";"ORD-001241";"DHL-DE-30626946";"2026-01-08 21:34"
"SHP-000243";"ORD-001242";"DHL-DE-32068145";"2026-05-15 04:42"
"SHP-000244";"ORD-001243";"DHL-CH-97513080";"2026-06-13 20:50"
"SHP-000245";"ORD-001244";"DHL-FR-98015011";"2026-01-26 00:45"
"SHP-000246";"ORD-001245";"DHL-CH-60315880";"2026-05-22 12:44"
"SHP-000247";"ORD-001246";"DHL-CH-40880682";"2026-03-12 11:32"
"SHP-000248";"ORD-001247";"DHL-DE-91114901";"2026-01-17 03:29"
"SHP-000249";"ORD-001248";"DHL-DE-61770855";"2026-05-24 16:44"
"SHP-000250";"ORD-001249";"DHL-AT-91364886";"2026-04-02 20:38"
"SHP-000251";"ORD-001250";"DHL-DE-21401506";"2026-03-16 01:05"
"SHP-000252";"ORD-001251";"DHL-AT-86171701";"2026-05-02 04:17"
"SHP-000253";"ORD-001252";"DHL-DE-16641350";"2026-04-16 07:05"
"SHP-000254";"ORD-001253";"DHL-DE-34924377";"2026-01-26 11:15"
"SHP-000255";"ORD-001254";"DHL-PL-80124810";"2026-03-16 17:44"
"SHP-000256";"ORD-001255";"DHL-AT-59847343";"2026-08-03 19:45"
"SHP-000257";"ORD-001256";"DHL-DE-25686778";"2026-04-06 05:21"
"SHP-000258";"ORD-001257";"DHL-DE-10529898";"2026-04-12 18:37"
"SHP-000259";"ORD-001258";"DHL-DE-29151079";"2026-01-25 10:54"
"SHP-000260";"ORD-001259";"DHL-FR-95150108";"2026-02-24 09:31"
"SHP-000261";"ORD-001260";"DHL-NL-48024406";"2026-01-01 00:00"
"SHP-000262";"ORD-001261";"DHL-CH-55460469";"2026-01-27 02:51"
"SHP-000263";"ORD-001262";"DHL-DE-87565921";"2026-01-12 16:25"
"SHP-000264";"ORD-001263";"DHL-DE-35115151";"2026-04-08 20:13"
"SHP-000265";"ORD-001264";"DHL-DE-51934771";"2026-01-10 01:29"
"SHP-000266";"ORD-001265";"DHL-AT-43036188";"2026-02-05 18:50"
"SHP-000267";"ORD-001266";"DHL-DE-33842456";"2026-02-19 18:36"
"SHP-000268";"ORD-001267";"DHL-AT-86109408";"2026-01-09 22:35"
"SHP-000269";"ORD-001268";"DHL-DE-32549187";"2026-03-15 00:27"
"SHP-000270";"ORD-001269";"DHL-FR-50334359";"2026-08-01 17:17"
"SHP-000271";"ORD-001270";"DHL-DE-22551633";"2026-07-23 13:18"
"SHP-000272";"ORD-001271";"DHL-NL-99381098";"2026-06-18 00:41"
"SHP-000273";"ORD-001272";"DHL-AT-65072100";"2026-07-03 18:20"
"SHP-000274";"ORD-001273";"DHL-DE-61472245";"2026-07-15 12:42"
"SHP-000275";"ORD-001274";"DHL-PL-39314798";"2026-02-19 17:40"
"SHP-000276";"ORD-001275";"DHL-AT-30920632";"2026-06-27 12:24"
"SHP-000277";"ORD-001276";"DHL-DE-60464043";"2026-02-14 07:34"
"SHP-000278";"ORD-001277";"DHL-DE-25766010";"2026-04-27 14:53"
"SHP-000279";"ORD-001278";"DHL-NL-25687217";"2026-01-17 15:43"
"SHP-000280";"ORD-001279";"DHL-DE-55885555";"2026-05-22 23:41"
"SHP-000281";"ORD-001280";"DHL-DE-94443966";"2026-04-14 08:57"
"SHP-000282";"ORD-001281";"DHL-AT-86278967";"2026-01-16 02:29"
"SHP-000283";"ORD-001282";"DHL-CH-51868266";"2026-08-13 16:37"
"SHP-000284";"ORD-001283";"DHL-DE-70319521";"2026-07-31 08:12"
"SHP-000285";"ORD-001284";"DHL-DE-24883669";"2026-01-06 12:50"
"SHP-000286";"ORD-001285";"DHL-AT-70135868";"2026-06-29 00:50"
"SHP-000287";"ORD-001286";"DHL-DE-73251814";"2026-07-31 20:58"
"SHP-000288";"ORD-001287";"DHL-FR-46263205";"2026-05-30 03:35"
"SHP-000289";"ORD-001288";"DHL-AT-67336924";"2026-04-20 10:00"
"SHP-000290";"ORD-001289";"DHL-DE-74217582";"2026-04-11 02:01"
"SHP-000291";"ORD-001290";"DHL-FR-81667024";"2026-04-06 04:57"
"SHP-000292";"ORD-001291";"DHL-AT-76349784";"2026-04-18 05:29"
"SHP-000293";"ORD-001292";"DHL-DE-48563501";"2026-07-18 13:38"
"SHP-000294";"ORD-001293";"DHL-DE-81352769";"2026-05-06 19:47"
"SHP-000295";"ORD-001294";"DHL-FR-85538282";"2026-07-18 03:29"
"SHP-000296";"ORD-001295";"DHL-FR-36369436";"2026-05-02 01:38"
"SHP-000297";"ORD-001296";"DHL-DE-34911419";"2026-04-29 16:43"
"SHP-000298";"ORD-001297";"DHL-CH-15233067";"2026-02-21 15:38"
"SHP-000299";"ORD-001298";"DHL-CH-59974441";"2026-03-20 09:13"
"SHP-000300";"ORD-001299";"DHL-DE-42519583";"2026-02-03 15:31"
"SHP-000301";"ORD-001300";"DHL-DE-20289193";"2026-07-08 04:13"
"SHP-000302";"ORD-001301";"DHL-AT-28472774";"2026-07-21 01:03"
"SHP-000303";"ORD-001302";"DHL-DE-82315917";"2026-06-09 15:05"
"SHP-000304";"ORD-001303";"DHL-PL-82476007";"2026-07-14 02:50"
"SHP-000305";"ORD-001304";"DHL-AT-43250181";"2026-04-18 12:13"
"SHP-000306";"ORD-001305";"DHL-AT-67638874";"2026-03-08 17:33"
"SHP-000307";"ORD-001306";"DHL-NL-43822244";"2026-05-26 05:34"
"SHP-000308";"ORD-001307";"DHL-CH-71384866";"2026-02-09 22:18"
"SHP-000309";"ORD-001308";"DHL-CH-15232343";"2026-03-19 10:28"
"SHP-000310";"ORD-001309";"DHL-CH-50214005";"2026-08-04 17:39"
"SHP-000311";"ORD-001310";"DHL-DE-34013598";"2026-04-18 18:02"
"SHP-000312";"ORD-001311";"DHL-DE-97742738";"2026-07-04 11:04"
"SHP-000313";"ORD-001312";"DHL-DE-15287725";"2026-06-30 07:10"
"SHP-000314";"ORD-001313";"DHL-CH-42873260";"2026-05-22 20:37"
"SHP-000315";"ORD-001314";"DHL-DE-98038474";"2026-02-01 13:16"
"SHP-000316";"ORD-001315";"DHL-DE-75051751";"2026-05-26 15:39"
"SHP-000317";"ORD-001316";"DHL-DE-86099089";"2026-04-01 22:05"
"SHP-000318";"ORD-001317";"DHL-CH-94564513";"2026-06-27 00:15"
"SHP-000319";"ORD-001318";"DHL-DE-80713611";"2026-03-06 18:16"
"SHP-000320";"ORD-001319";"DHL-AT-83895710";"2026-02-21 14:50"
"SHP-000321";"ORD-001320";"DHL-DE-82737656";"2026-05-19 07:34"
"SHP-000322";"ORD-001321";"DHL-CH-28751545";"2026-06-20 20:28"
"SHP-000323";"ORD-001322";"DHL-AT-31205715";"2026-04-12 23:40"
"SHP-000324";"ORD-001323";"DHL-CH-76938754";"2026-05-03 03:03"
"SHP-000325";"ORD-001324";"DHL-DE-50020614";"2026-02-03 08:59"
"SHP-000326";"ORD-001325";"DHL-CH-74574634";"2026-03-03 05:27"
"SHP-000327";"ORD-001326";"DHL-FR-42551367";"2026-01-29 06:48"
"SHP-000328";"ORD-001327";"DHL-DE-93277903";"2026-06-05 11:34"
"SHP-000329";"ORD-001328";"DHL-DE-69446828";"2026-06-21 15:39"
"SHP-000330";"ORD-001329";"DHL-FR-88626781";"2026-05-17 11:24"
"SHP-000331";"ORD-001330";"DHL-DE-26967999";"2026-07-08 10:39"
"SHP-000332";"ORD-001331";"DHL-FR-88443366";"2026-04-27 03:53"
"SHP-000333";"ORD-001332";"DHL-CH-85321517";"2026-04-01 08:54"
"SHP-000334";"ORD-001333";"DHL-DE-29091413";"2026-07-16 13:53"
"SHP-000335";"ORD-001334";"DHL-AT-82998846";"2026-04-24 09:46"
"SHP-000336";"ORD-001335";"DHL-DE-17479356";"2026-01-18 09:31"
"SHP-000337";"ORD-001336";"DHL-DE-77580462";"2026-07-08 22:06"
"SHP-000338";"ORD-001337";"DHL-DE-42910863";"2026-04-24 16:50"
"SHP-000339";"ORD-001338";"DHL-DE-76112548";"2026-06-02 06:55"
"SHP-000340";"ORD-001339";"DHL-FR-68406689";"2026-07-25 21:00"
"SHP-000341";"ORD-001340";"DHL-FR-48641758";"2026-04-08 18:38"
"SHP-000342";"ORD-001341";"DHL-DE-14946858";"2026-05-06 02:51"
"SHP-000343";"ORD-001342";"DHL-DE-10710917";"2026-04-09 20:47"
"SHP-000344";"ORD-001343";"DHL-NL-15029410";"2026-06-23 12:15"
"SHP-000345";"ORD-001344";"DHL-DE-91814845";"2026-01-27 13:59"
"SHP-000346";"ORD-001345";"DHL-DE-30540554";"2026-06-01 05:39"
"SHP-000347";"ORD-001346";"DHL-DE-72867371";"2026-07-21 03:17"
"SHP-000348";"ORD-001347";"DHL-DE-50446616";"2026-04-03 14:23"
"SHP-000349";"ORD-001348";"DHL-PL-87019685";"2026-04-22 06:41"
"SHP-000350";"ORD-001349";"DHL-CH-72883227";"2026-02-08 00:08"
"SHP-000351";"ORD-001350";"DHL-DE-23553517";"2026-05-24 14:13"
"SHP-000352";"ORD-001351";"DHL-FR-52741951";"2026-04-27 09:39"
"SHP-000353";"ORD-001352";"DHL-AT-92367272";"2026-05-07 13:54"
"SHP-000354";"ORD-001353";"DHL-DE-26049989";"2026-01-16 10:43"
"SHP-000355";"ORD-001354";"DHL-AT-71209062";"2026-03-21 22:41"
"SHP-000356";"ORD-001355";"DHL-DE-41864670";"2026-07-26 17:06"
"SHP-000357";"ORD-001356";"DHL-CH-96764598";"2026-05-23 22:03"
"SHP-000358";"ORD-001357";"DHL-DE-54879968";"2026-08-10 00:51"
"SHP-000359";"ORD-001358";"DHL-DE-94161436";"2026-06-24 22:39"
"SHP-000360";"ORD-001359";"DHL-AT-83492190";"2026-01-07 09:07"
"SHP-000361";"ORD-001360";"DHL-DE-64810690";"2026-07-04 06:40"
"SHP-000362";"ORD-001361";"DHL-DE-41913861";"2026-08-03 14:02"
"SHP-000363";"ORD-001362";"DHL-DE-25543489";"2026-01-12 23:39"
"SHP-000364";"ORD-001363";"DHL-DE-59789472";"2026-05-24 05:10"
"SHP-000365";"ORD-001364";"DHL-AT-92687533";"2026-07-09 22:07"
"SHP-000366";"ORD-001365";"DHL-NL-14187206";"2026-01-26 17:09"
"SHP-000367";"ORD-001366";"DHL-DE-95754688";"2026-02-11 18:43"
"SHP-000368";"ORD-001367";"DHL-AT-38313469";"2026-07-01 21:54"
"SHP-000369";"ORD-001368";"DHL-DE-82312835";"2026-01-17 08:05"
"SHP-000370";"ORD-001369";"DHL-FR-97655594";"2026-02-03 16:32"
"SHP-000371";"ORD-001370";"DHL-FR-81131178";"2026-06-21 21:56"
"SHP-000372";"ORD-001371";"DHL-DE-18484532";"2026-03-12 08:11"
"SHP-000373";"ORD-001372";"DHL-PL-51668053";"2026-04-23 19:36"
"SHP-000374";"ORD-001373";"DHL-AT-25122260";"2026-07-11 16:06"
"SHP-000375";"ORD-001374";"DHL-DE-75684652";"2026-07-28 17:43"
"SHP-000376";"ORD-001375";"DHL-FR-28053439";"2026-06-04 16:57"
"SHP-000377";"ORD-001376";"DHL-DE-22675696";"2026-08-04 19:05"
"SHP-000378";"ORD-001377";"DHL-AT-29523747";"2026-02-15 19:18"
"SHP-000379";"ORD-001378";"DHL-CH-96947386";"2026-06-10 17:22"
"SHP-000380";"ORD-001379";"DHL-FR-72907882";"2026-04-29 13:31"
"SHP-000381";"ORD-001380";"DHL-NL-58358772";"2026-05-03 16:05"
"SHP-000382";"ORD-001381";"DHL-DE-59804499";"2026-03-01 15:04"
"SHP-000383";"ORD-001382";"DHL-NL-23581991";"2026-06-24 21:56"
"SHP-000384";"ORD-001383";"DHL-FR-62854205";"2026-05-04 14:26"
"SHP-000385";"ORD-001384";"DHL-DE-22327301";"2026-03-30 21:48"
"SHP-000386";"ORD-001385";"DHL-DE-58058611";"2026-06-05 15:10"
"SHP-000387";"ORD-001386";"DHL-DE-65671029";"2026-04-10 03:33"
"SHP-000388";"ORD-001387";"DHL-CH-27945884";"2026-05-13 15:41"
"SHP-000389";"ORD-001388";"DHL-FR-20921036";"2026-06-01 14:18"
"SHP-000390";"ORD-001389";"DHL-AT-63132558";"2026-03-29 13:42"
"SHP-000391";"ORD-001390";"DHL-NL-13465386";"2026-01-01 06:39"
"SHP-000392";"ORD-001391";"DHL-DE-15621631";"2026-02-20 16:16"
"SHP-000393";"ORD-001392";"DHL-DE-58620748";"2026-02-28 18:54"
"SHP-000394";"ORD-001393";"DHL-PL-84372512";"2026-05-08 08:07"
"SHP-000395";"ORD-001394";"DHL-DE-46784452";"2026-04-20 18:07"
"SHP-000396";"ORD-001395";"DHL-DE-24124348";"2026-07-05 16:48"
"SHP-000397";"ORD-001396";"DHL-CH-27608057";"2026-04-24 18:43"
"SHP-000398";"ORD-001397";"DHL-DE-55801632";"2026-06-22 10:18"
"SHP-000399";"ORD-001398";"DHL-DE-20473178";"2026-01-21 06:57"
"SHP-000400";"ORD-001399";"DHL-AT-15230905";"2026-05-22 02:18"
"SHP-000401";"ORD-001400";"DHL-CH-83368872";"2026-08-13 09:28"
"SHP-000402";"ORD-001401";"DHL-AT-90647699";"2026-08-04 21:51"
"SHP-000403";"ORD-001402";"DHL-AT-94158076";"2026-02-04 21:14"
"SHP-000404";"ORD-001403";"DHL-DE-27340124";"2026-01-12 13:02"
"SHP-000405";"ORD-001404";"DHL-DE-18906354";"2026-04-07 08:23"
"SHP-000406";"ORD-001405";"DHL-DE-40365326";"2026-07-09 21:59"
"SHP-000407";"ORD-001406";"DHL-DE-13107616";"2026-01-04 19:35"
"SHP-000408";"ORD-001407";"DHL-DE-22559793";"2026-02-24 18:13"
"SHP-000409";"ORD-001408";"DHL-DE-39596052";"2026-01-13 12:03"
"SHP-000410";"ORD-001409";"DHL-DE-97970100";"2026-06-27 10:30"
"SHP-000411";"ORD-001410";"DHL-DE-71058899";"2026-05-11 14:43"
"SHP-000412";"ORD-001411";"DHL-DE-55648915";"2026-05-25 12:33"
"SHP-000413";"ORD-001412";"DHL-DE-95529554";"2026-06-21 06:26"
"SHP-000414";"ORD-001413";"DHL-DE-31751442";"2026-06-28 19:29"
"SHP-000415";"ORD-001414";"DHL-DE-15168687";"2026-05-29 11:57"
"SHP-000416";"ORD-001415";"DHL-FR-13584580";"2026-07-15 07:28"
"SHP-000417";"ORD-001416";"DHL-CH-37859222";"2026-04-11 10:09"
"SHP-000418";"ORD-001417";"DHL-DE-90318952";"2026-05-13 23:51"
"SHP-000419";"ORD-001418";"DHL-AT-80342564";"2026-04-07 17:21"
"SHP-000420";"ORD-001419";"DHL-FR-21554560";"2026-05-01 02:45"
"SHP-000421";"ORD-001420";"DHL-DE-48213486";"2026-06-29 10:03"
"SHP-000422";"ORD-001421";"DHL-CH-53737162";"2026-06-25 12:13"
"SHP-000423";"ORD-001422";"DHL-DE-43205830";"2026-05-22 03:34"
"SHP-000424";"ORD-001423";"DHL-DE-38123451";"2026-01-18 08:47"
"SHP-000425";"ORD-001424";"DHL-DE-73311396";"2026-07-12 16:01"
"SHP-000426";"ORD-001425";"DHL-DE-22230527";"2026-05-21 17:49"
"SHP-000427";"ORD-001426";"DHL-PL-94091808";"2026-06-12 15:45"
"SHP-000428";"ORD-001427";"DHL-DE-25344644";"2026-07-08 22:49"
"SHP-000429";"ORD-001428";"DHL-DE-38521087";"2026-02-26 05:19"
"SHP-000430";"ORD-001429";"DHL-AT-16842818";"2026-01-25 23:53"
"SHP-000431";"ORD-001430";"DHL-DE-96486017";"2026-01-29 22:40"
"SHP-000432";"ORD-001431";"DHL-DE-33639826";"2026-05-10 09:13"
"SHP-000433";"ORD-001432";"DHL-DE-79090801";"2026-01-13 11:28"
"SHP-000434";"ORD-001433";"DHL-AT-72692236";"2026-03-14 21:23"
"SHP-000435";"ORD-001434";"DHL-AT-81834779";"2026-01-12 08:10"
"SHP-000436";"ORD-001435";"DHL-AT-16963848";"2026-05-01 20:25"
"SHP-000437";"ORD-001436";"DHL-AT-67180444";"2026-07-12 11:14"
"SHP-000438";"ORD-001437";"DHL-NL-33966725";"2026-03-26 08:37"
"SHP-000439";"ORD-001438";"DHL-DE-96895584";"2026-03-03 04:12"
"SHP-000440";"ORD-001439";"DHL-DE-93730663";"2026-03-30 09:52"
"SHP-000441";"ORD-001440";"DHL-DE-24564880";"2026-07-18 06:05"
"SHP-000442";"ORD-001441";"DHL-DE-33126014";"2026-04-19 04:18"
"SHP-000443";"ORD-001442";"DHL-AT-74706005";"2026-03-24 04:53"
"SHP-000444";"ORD-001443";"DHL-DE-47557007";"2026-03-02 22:40"
"SHP-000445";"ORD-001444";"DHL-AT-37306416";"2026-01-24 20:41"
"SHP-000446";"ORD-001445";"DHL-DE-71166344";"2026-08-03 02:58"
"SHP-000447";"ORD-001446";"DHL-DE-30781820";"2026-02-26 00:41"
"SHP-000448";"ORD-001447";"DHL-AT-51988581";"2026-01-16 13:03"
"SHP-000449";"ORD-001448";"DHL-DE-96951008";"2026-05-08 23:37"
"SHP-000450";"ORD-001449";"DHL-DE-84089038";"2026-01-14 04:33"
"SHP-000451";"ORD-001450";"DHL-DE-92834466";"2026-07-03 13:43"
"SHP-000452";"ORD-001451";"DHL-CH-94191725";"2026-05-22 16:18"
"SHP-000453";"ORD-001452";"DHL-DE-11043049";"2026-04-08 05:36"
"SHP-000454";"ORD-001453";"DHL-DE-78401420";"2026-05-23 09:19"
"SHP-000455";"ORD-001454";"DHL-AT-44506680";"2026-03-07 00:36"
"SHP-000456";"ORD-001455";"DHL-AT-63389038";"2026-06-02 18:41"
"SHP-000457";"ORD-001456";"DHL-AT-28626816";"2026-01-27 21:26"
"SHP-000458";"ORD-001457";"DHL-DE-15334081";"2026-07-03 01:02"
"SHP-000459";"ORD-001458";"DHL-AT-21614601";"2026-07-27 11:33"
"SHP-000460";"ORD-001459";"DHL-AT-36136603";"2026-06-27 02:03"
"SHP-000461";"ORD-001460";"DHL-AT-25258496";"2026-07-13 09:07"
"SHP-000462";"ORD-001461";"DHL-DE-59289996";"2026-07-19 14:43"
"SHP-000463";"ORD-001462";"DHL-NL-64403399";"2026-03-09 18:10"
"SHP-000464";"ORD-001463";"DHL-DE-76954810";"2026-07-22 08:33"
"SHP-000465";"ORD-001464";"DHL-DE-22855091";"2026-03-28 08:00"
"SHP-000466";"ORD-001465";"DHL-DE-86663748";"2026-01-10 02:38"
"SHP-000467";"ORD-001466";"DHL-CH-35509313";"2026-06-11 06:31"
"SHP-000468";"ORD-001467";"DHL-DE-22568341";"2026-01-07 21:51"
"SHP-000469";"ORD-001468";"DHL-DE-32134075";"2026-03-08 02:00"
"SHP-000470";"ORD-001469";"DHL-AT-74472628";"2026-04-02 13:30"
"SHP-000471";"ORD-001470";"DHL-DE-35317494";"2026-05-29 15:12"
"SHP-000472";"ORD-001471";"DHL-AT-79546220";"2026-06-07 13:25"
"SHP-000473";"ORD-001472";"DHL-PL-32434070";"2026-01-31 08:26"
"SHP-000474";"ORD-001473";"DHL-AT-84229961";"2026-01-04 07:43"
"SHP-000475";"ORD-001474";"DHL-AT-34840261";"2026-05-17 08:32"
"SHP-000476";"ORD-001475";"DHL-DE-57768452";"2026-01-15 22:45"
"SHP-000477";"ORD-001476";"DHL-DE-20243125";"2026-04-07 17:50"
"SHP-000478";"ORD-001477";"DHL-DE-87995169";"2026-03-11 10:03"
"SHP-000479";"ORD-001478";"DHL-DE-77548941";"2026-07-14 20:41"
"SHP-000480";"ORD-001479";"DHL-CH-31781568";"2026-03-12 00:34"
"SHP-000481";"ORD-001480";"DHL-FR-11417882";"2026-01-07 14:59"
"SHP-000482";"ORD-001481";"DHL-AT-53472268";"2026-06-04 07:51"
"SHP-000483";"ORD-001482";"DHL-DE-22392961";"2026-02-09 05:57"
"SHP-000484";"ORD-001483";"DHL-DE-80691208";"2026-06-22 11:22"
"SHP-000485";"ORD-001484";"DHL-NL-38552616";"2026-06-07 08:10"
"SHP-000486";"ORD-001485";"DHL-FR-24520614";"2026-01-20 18:02"
"SHP-000487";"ORD-001486";"DHL-FR-33615037";"2026-05-10 21:09"
"SHP-000488";"ORD-001487";"DHL-DE-51736040";"2026-07-27 08:08"
"SHP-000489";"ORD-001488";"DHL-DE-66899971";"2026-08-04 23:09"
"SHP-000490";"ORD-001489";"DHL-AT-54620881";"2026-01-01 05:51"
"SHP-000491";"ORD-001490";"DHL-CH-81267847";"2026-06-21 09:05"
"SHP-000492";"ORD-001491";"DHL-DE-21529311";"2026-08-02 08:59"
"SHP-000493";"ORD-001492";"DHL-DE-26556018";"2026-04-14 11:50"
"SHP-000494";"ORD-001493";"DHL-AT-73923987";"2026-03-20 18:38"
"SHP-000495";"ORD-001494";"DHL-DE-79643924";"2026-01-19 15:57"
"SHP-000496";"ORD-001495";"DHL-PL-13604297";"2026-02-02 10:02"
"SHP-000497";"ORD-001496";"DHL-DE-96620480";"2026-08-02 06:09"
"SHP-000498";"ORD-001497";"DHL-AT-15728449";"2026-08-06 00:05"
"SHP-000499";"ORD-001498";"DHL-DE-81438131";"2026-06-04 23:06"
"SHP-000500";"ORD-001499";"DHL-DE-81618709";"2026-06-21 17:47"
"SHP-000501";"ORD-001500";"DHL-DE-37268700";"2026-02-25 04:39"
"SHP-000502";"ORD-001501";"DHL-DE-91409423";"2026-01-25 04:52"
"SHP-000503";"ORD-001502";"DHL-AT-21245124";"2026-04-04 23:02"
"SHP-000504";"ORD-001503";"DHL-DE-60399524";"2026-02-25 18:41"
"SHP-000505";"ORD-001504";"DHL-CH-92879507";"2026-07-04 18:10"
"SHP-000506";"ORD-001505";"DHL-DE-60979545";"2026-07-11 00:04"
"SHP-000507";"ORD-001506";"DHL-DE-34846140";"2026-04-24 21:44"
"SHP-000508";"ORD-001507";"DHL-DE-83673687";"2026-05-13 13:46"
"SHP-000509";"ORD-001508";"DHL-DE-60948348";"2026-07-09 21:24"
"SHP-000510";"ORD-001509";"DHL-DE-41776306";"2026-04-02 02:49"
"SHP-000511";"ORD-001510";"DHL-DE-10026501";"2026-05-23 18:38"
"SHP-000512";"ORD-001511";"DHL-DE-24417619";"2026-02-08 06:59"
"SHP-000513";"ORD-001512";"DHL-CH-53510908";"2026-03-03 21:28"
"SHP-000514";"ORD-001513";"DHL-AT-46467201";"2026-03-19 11:10"
"SHP-000515";"ORD-001514";"DHL-DE-85008247";"2026-07-27 10:34"
"SHP-000516";"ORD-001515";"DHL-AT-73572907";"2026-02-17 19:42"
"SHP-000517";"ORD-001516";"DHL-NL-98632176";"2026-06-17 18:33"
"SHP-000518";"ORD-001517";"DHL-DE-13364777";"2026-08-13 13:04"
"SHP-000519";"ORD-001518";"DHL-DE-46508839";"2026-01-26 13:17"
"SHP-000520";"ORD-001519";"DHL-DE-50955045";"2026-08-13 03:23"
"SHP-000521";"ORD-001520";"DHL-AT-15358678";"2026-04-14 10:02"
"SHP-000522";"ORD-001521";"DHL-FR-60739770";"2026-02-06 10:18"
"SHP-000523";"ORD-001522";"DHL-DE-35415899";"2026-05-15 02:51"
"SHP-000524";"ORD-001523";"DHL-AT-65233025";"2026-07-12 16:22"
"SHP-000525";"ORD-001524";"DHL-DE-25955932";"2026-04-04 08:06"
"SHP-000526";"ORD-001525";"DHL-DE-44568003";"2026-04-07 06:41"
"SHP-000527";"ORD-001526";"DHL-CH-66499992";"2026-06-25 16:11"
"SHP-000528";"ORD-001527";"DHL-DE-37294446";"2026-03-17 17:59"
"SHP-000529";"ORD-001528";"DHL-DE-40527189";"2026-02-19 11:05"
"SHP-000530";"ORD-001529";"DHL-DE-54249362";"2026-04-13 11:51"
"SHP-000531";"ORD-001530";"DHL-FR-53674669";"2026-04-14 03:42"
"SHP-000532";"ORD-001531";"DHL-CH-39409046";"2026-02-07 08:28"
"SHP-000533";"ORD-001532";"DHL-AT-86582868";"2026-05-25 22:32"
"SHP-000534";"ORD-001533";"DHL-DE-70882660";"2026-01-16 17:18"
"SHP-000535";"ORD-001534";"DHL-DE-61606167";"2026-01-17 13:04"
"SHP-000536";"ORD-001535";"DHL-FR-71686497";"2026-05-15 16:49"
"SHP-000537";"ORD-001536";"DHL-FR-60477556";"2026-03-12 07:37"
"SHP-000538";"ORD-001537";"DHL-PL-39100013";"2026-02-02 05:41"
"SHP-000539";"ORD-001538";"DHL-AT-47375104";"2026-05-12 01:40"
"SHP-000540";"ORD-001539";"DHL-DE-51217478";"2026-03-23 02:34"
"SHP-000541";"ORD-001540";"DHL-DE-23263285";"2026-04-11 19:31"
"SHP-000542";"ORD-001541";"DHL-FR-93148264";"2026-03-11 10:48"
"SHP-000543";"ORD-001542";"DHL-AT-13902166";"2026-07-21 16:31"
"SHP-000544";"ORD-001543";"DHL-DE-10957369";"2026-06-07 17:47"
"SHP-000545";"ORD-001544";"DHL-DE-48456689";"2026-06-21 02:28"
"SHP-000546";"ORD-001545";"DHL-FR-20011335";"2026-03-16 11:05"
"SHP-000547";"ORD-001546";"DHL-DE-18597109";"2026-02-26 14:10"
"SHP-000548";"ORD-001547";"DHL-DE-96171823";"2026-05-14 02:56"
"SHP-000549";"ORD-001548";"DHL-AT-71935653";"2026-05-05 11:32"
"SHP-000550";"ORD-001549";"DHL-AT-38953123";"2026-04-24 12:33"
"SHP-000551";"ORD-001550";"DHL-DE-63294909";"2026-04-15 03:54"
"SHP-000552";"ORD-001551";"DHL-DE-67356331";"2026-07-27 05:21"
"SHP-000553";"ORD-001552";"DHL-DE-26436738";"2026-07-19 06:17"
"SHP-000554";"ORD-001553";"DHL-NL-34002345";"2026-05-07 07:31"
"SHP-000555";"ORD-001554";"DHL-AT-62265662";"2026-03-03 21:20"
"SHP-000556";"ORD-001555";"DHL-FR-41607587";"2026-07-24 06:45"
"SHP-000557";"ORD-001556";"DHL-PL-39095842";"2026-07-29 08:10"
"SHP-000558";"ORD-001557";"DHL-DE-76160202";"2026-04-14 11:39"
"SHP-000559";"ORD-001558";"DHL-AT-66148050";"2026-03-01 22:58"
"SHP-000560";"ORD-001559";"DHL-FR-18908744";"2026-01-26 16:02"
"SHP-000561";"ORD-001560";"DHL-DE-31381397";"2026-06-28 09:30"
"SHP-000562";"ORD-001561";"DHL-DE-43523834";"2026-07-23 02:57"
"SHP-000563";"ORD-001562";"DHL-AT-23344591";"2026-06-28 07:45"
"SHP-000564";"ORD-001563";"DHL-AT-93511602";"2026-01-31 10:12"
"SHP-000565";"ORD-001564";"DHL-DE-12898469";"2026-05-09 12:04"
"SHP-000566";"ORD-001565";"DHL-DE-30685427";"2026-05-17 18:38"
"SHP-000567";"ORD-001566";"DHL-DE-20349000";"2026-01-01 15:12"
"SHP-000568";"ORD-001567";"DHL-DE-16249405";"2026-03-06 12:27"
"SHP-000569";"ORD-001568";"DHL-PL-78372965";"2026-04-16 09:28"
"SHP-000570";"ORD-001569";"DHL-AT-40264381";"2026-05-13 22:16"
"SHP-000571";"ORD-001570";"DHL-DE-48368639";"2026-01-15 04:44"
"SHP-000572";"ORD-001571";"DHL-DE-56534455";"2026-01-14 23:58"
"SHP-000573";"ORD-001572";"DHL-AT-14016476";"2026-03-14 09:48"
"SHP-000574";"ORD-001573";"DHL-AT-37569513";"2026-05-11 01:22"
"SHP-000575";"ORD-001574";"DHL-NL-72176725";"2026-03-28 09:45"
"SHP-000576";"ORD-001575";"DHL-CH-28092309";"2026-06-01 18:36"
"SHP-000577";"ORD-001576";"DHL-DE-22825180";"2026-05-04 23:01"
"SHP-000578";"ORD-001577";"DHL-PL-53386422";"2026-02-10 11:45"
"SHP-000579";"ORD-001578";"DHL-AT-71564147";"2026-05-23 03:56"
"SHP-000580";"ORD-001579";"DHL-DE-58864166";"2026-06-04 16:53"
"SHP-000581";"ORD-001580";"DHL-DE-74880580";"2026-02-01 02:21"
"SHP-000582";"ORD-001581";"DHL-DE-77969529";"2026-05-16 06:28"
"SHP-000583";"ORD-001582";"DHL-DE-27908676";"2026-04-01 07:01"
"SHP-000584";"ORD-001583";"DHL-CH-73269232";"2026-01-23 14:52"
"SHP-000585";"ORD-001584";"DHL-CH-12949720";"2026-01-19 21:15"
"SHP-000586";"ORD-001585";"DHL-AT-91692776";"2026-03-16 08:41"
"SHP-000587";"ORD-001586";"DHL-DE-44975355";"2026-08-04 14:23"
"SHP-000588";"ORD-001587";"DHL-DE-62040359";"2026-06-06 15:59"
"SHP-000589";"ORD-001588";"DHL-CH-48259895";"2026-06-29 22:57"
"SHP-000590";"ORD-001589";"DHL-DE-49161647";"2026-07-19 15:35"
"SHP-000591";"ORD-001590";"DHL-DE-85694036";"2026-03-07 15:38"
"SHP-000592";"ORD-001591";"DHL-FR-41072153";"2026-02-14 23:34"
"SHP-000593";"ORD-001592";"DHL-NL-82692792";"2026-08-10 23:40"
"SHP-000594";"ORD-001593";"DHL-NL-48849260";"2026-01-28 07:57"
"SHP-000595";"ORD-001594";"DHL-DE-31969620";"2026-01-30 04:49"
"SHP-000596";"ORD-001595";"DHL-FR-97729155";"2026-02-16 11:21"
"SHP-000597";"ORD-001596";"DHL-DE-11734736";"2026-07-02 10:53"
"SHP-000598";"ORD-001597";"DHL-DE-99474053";"2026-08-08 12:13"
"SHP-000599";"ORD-001598";"DHL-DE-51875449";"2026-07-18 13:14"
"SHP-000600";"ORD-001599";"DHL-FR-14121581";"2026-03-03 12:22"
"SHP-000601";"ORD-001600";"DHL-DE-10520038";"2026-03-30 18:27"
"SHP-000602";"ORD-001601";"DHL-DE-95645174";"2026-07-18 18:32"
"SHP-000603";"ORD-001602";"DHL-DE-29105966";"2026-01-20 07:21"
"SHP-000604";"ORD-001603";"DHL-AT-63099806";"2026-07-22 06:05"
"SHP-000605";"ORD-001604";"DHL-AT-57738096";"2026-08-01 14:14"
"SHP-000606";"ORD-001605";"DHL-AT-64575391";"2026-05-27 14:39"
"SHP-000607";"ORD-001606";"DHL-DE-33208743";"2026-07-02 16:35"
"SHP-000608";"ORD-001607";"DHL-CH-63060376";"2026-01-10 04:11"
"SHP-000609";"ORD-001608";"DHL-NL-89820090";"2026-05-23 15:32"
"SHP-000610";"ORD-001609";"DHL-DE-15648250";"2026-06-08 23:02"
"SHP-000611";"ORD-001610";"DHL-DE-10806241";"2026-03-05 00:49"
"SHP-000612";"ORD-001611";"DHL-DE-66529969";"2026-06-22 00:03"
"SHP-000613";"ORD-001612";"DHL-DE-54777116";"2026-06-29 17:20"
"SHP-000614";"ORD-001613";"DHL-DE-93845971";"2026-01-19 10:43"
"SHP-000615";"ORD-001614";"DHL-DE-72008779";"2026-05-10 23:28"
"SHP-000616";"ORD-001615";"DHL-NL-49571608";"2026-08-02 08:24"
"SHP-000617";"ORD-001616";"DHL-PL-72279074";"2026-02-23 09:42"
"SHP-000618";"ORD-001617";"DHL-PL-95469863";"2026-01-11 23:27"
"SHP-000619";"ORD-001618";"DHL-DE-25509001";"2026-06-30 09:22"
"SHP-000620";"ORD-001619";"DHL-CH-51230117";"2026-01-21 08:09"
"SHP-000621";"ORD-001620";"DHL-PL-20078419";"2026-07-19 21:36"
"SHP-000622";"ORD-001621";"DHL-DE-18052651";"2026-06-09 11:14"
"SHP-000623";"ORD-001622";"DHL-FR-85861223";"2026-04-15 07:26"
"SHP-000624";"ORD-001623";"DHL-AT-31997341";"2026-01-24 05:35"
"SHP-000625";"ORD-001624";"DHL-AT-71949985";"2026-03-26 01:20"
"SHP-000626";"ORD-001625";"DHL-CH-86743716";"2026-08-08 12:05"
"SHP-000627";"ORD-001626";"DHL-DE-58036298";"2026-04-18 00:11"
"SHP-000628";"ORD-001627";"DHL-AT-79701596";"2026-05-26 05:07"
"SHP-000629";"ORD-001628";"DHL-DE-31367556";"2026-07-26 23:58"
"SHP-000630";"ORD-001629";"DHL-CH-42058474";"2026-08-11 11:36"
"SHP-000631";"ORD-001630";"DHL-FR-99033016";"2026-04-27 21:59"
"SHP-000632";"ORD-001631";"DHL-CH-47109431";"2026-08-10 05:05"
"SHP-000633";"ORD-001632";"DHL-NL-56385826";"2026-01-28 17:44"
"SHP-000634";"ORD-001633";"DHL-CH-86315592";"2026-02-02 22:24"
"SHP-000635";"ORD-001634";"DHL-DE-34164137";"2026-06-19 21:15"
"SHP-000636";"ORD-001635";"DHL-NL-31482222";"2026-05-28 20:46"
"SHP-000637";"ORD-001636";"DHL-FR-91676231";"2026-01-17 06:59"
"SHP-000638";"ORD-001637";"DHL-DE-14246348";"2026-05-27 14:07"
"SHP-000639";"ORD-001638";"DHL-DE-77255139";"2026-03-09 22:58"
"SHP-000640";"ORD-001639";"DHL-AT-80573621";"2026-04-27 08:59"
"SHP-000641";"ORD-001640";"DHL-AT-41690011";"2026-04-27 20:34"
"SHP-000642";"ORD-001641";"DHL-DE-51580001";"2026-08-12 17:35"
"SHP-000643";"ORD-001642";"DHL-DE-62974952";"2026-04-23 04:18"
"SHP-000644";"ORD-001643";"DHL-DE-19201893";"2026-03-08 12:30"
"SHP-000645";"ORD-001644";"DHL-DE-61938820";"2026-07-11 00:53"
"SHP-000646";"ORD-001645";"DHL-DE-96790139";"2026-03-21 13:21"
"SHP-000647";"ORD-001646";"DHL-DE-71490971";"2026-05-06 20:30"
"SHP-000648";"ORD-001647";"DHL-DE-19831362";"2026-08-04 21:23"
"SHP-000649";"ORD-001648";"DHL-DE-20415930";"2026-01-16 03:58"
"SHP-000650";"ORD-001649";"DHL-DE-41798287";"2026-01-27 11:14"
"SHP-000651";"ORD-001650";"DHL-FR-51091453";"2026-07-28 22:53"
"SHP-000652";"ORD-001651";"DHL-DE-49888078";"2026-04-06 21:50"
"SHP-000653";"ORD-001652";"DHL-DE-28232256";"2026-07-28 04:26"
"SHP-000654";"ORD-001653";"DHL-DE-28994494";"2026-05-01 19:23"
"SHP-000655";"ORD-001654";"DHL-AT-48186649";"2026-07-29 07:21"
"SHP-000656";"ORD-001655";"DHL-AT-56211610";"2026-05-04 13:46"
"SHP-000657";"ORD-001656";"DHL-DE-45474156";"2026-03-31 08:26"
"SHP-000658";"ORD-001657";"DHL-DE-28911735";"2026-07-09 17:52"
"SHP-000659";"ORD-001658";"DHL-DE-29149108";"2026-06-17 03:59"
"SHP-000660";"ORD-001659";"DHL-AT-98564045";"2026-03-03 23:46"
"SHP-000661";"ORD-001660";"DHL-DE-35806992";"2026-04-12 09:29"
"SHP-000662";"ORD-001661";"DHL-DE-54903556";"2026-02-08 01:57"
"SHP-000663";"ORD-001662";"DHL-DE-41354444";"2026-02-18 12:22"
"SHP-000664";"ORD-001663";"DHL-DE-79216947";"2026-07-21 07:13"
"SHP-000665";"ORD-001664";"DHL-DE-29932138";"2026-02-22 04:28"
"SHP-000666";"ORD-001665";"DHL-DE-47658338";"2026-05-19 11:09"
"SHP-000667";"ORD-001666";"DHL-DE-11570229";"2026-02-07 21:53"
"SHP-000668";"ORD-001667";"DHL-NL-69814124";"2026-01-10 03:17"
"SHP-000669";"ORD-001668";"DHL-PL-78059532";"2026-01-22 18:18"
"SHP-000670";"ORD-001669";"DHL-DE-53115154";"2026-04-16 09:14"
"SHP-000671";"ORD-001670";"DHL-CH-88504675";"2026-03-05 23:29"
"SHP-000672";"ORD-001671";"DHL-AT-50165591";"2026-03-19 21:02"
"SHP-000673";"ORD-001672";"DHL-DE-33825176";"2026-02-02 19:28"
"SHP-000674";"ORD-001673";"DHL-DE-72198705";"2026-06-04 18:04"
"SHP-000675";"ORD-001674";"DHL-DE-46802299";"2026-07-31 23:02"
"SHP-000676";"ORD-001675";"DHL-CH-29057239";"2026-03-05 16:03"
"SHP-000677";"ORD-001676";"DHL-CH-25004076";"2026-05-10 11:24"
"SHP-000678";"ORD-001677";"DHL-DE-50158970";"2026-04-16 17:50"
"SHP-000679";"ORD-001678";"DHL-DE-32583542";"2026-07-19 18:01"
"SHP-000680";"ORD-001679";"DHL-DE-26032174";"2026-03-16 16:42"
"SHP-000681";"ORD-001680";"DHL-NL-24128981";"2026-03-31 06:31"
"SHP-000682";"ORD-001681";"DHL-DE-25270688";"2026-01-20 23:13"
"SHP-000683";"ORD-001682";"DHL-NL-27081359";"2026-05-13 07:17"
"SHP-000684";"ORD-001683";"DHL-DE-24657756";"2026-02-21 17:12"
"SHP-000685";"ORD-001684";"DHL-CH-57800030";"2026-08-08 03:39"
"SHP-000686";"ORD-001685";"DHL-DE-48532048";"2026-05-19 16:05"
"SHP-000687";"ORD-001686";"DHL-NL-38583395";"2026-02-02 01:15"
"SHP-000688";"ORD-001687";"DHL-DE-27254131";"2026-05-11 03:03"
"SHP-000689";"ORD-001688";"DHL-AT-22815207";"2026-04-28 09:22"
"SHP-000690";"ORD-001689";"DHL-FR-74476636";"2026-01-24 04:04"
"SHP-000691";"ORD-001690";"DHL-DE-36341392";"2026-01-29 07:09"
"SHP-000692";"ORD-001691";"DHL-DE-42198361";"2026-07-17 22:07"
"SHP-000693";"ORD-001692";"DHL-AT-33235049";"2026-05-15 11:41"
"SHP-000694";"ORD-001693";"DHL-AT-24381243";"2026-07-31 14:43"
"SHP-000695";"ORD-001694";"DHL-CH-60374607";"2026-04-02 14:46"
"SHP-000696";"ORD-001695";"DHL-DE-97761903";"2026-03-30 20:53"
"SHP-000697";"ORD-001696";"DHL-FR-59971662";"2026-08-05 00:05"
"SHP-000698";"ORD-001697";"DHL-CH-38051498";"2026-03-31 09:30"
"SHP-000699";"ORD-001698";"DHL-AT-23445441";"2026-06-28 00:43"
"SHP-000700";"ORD-001699";"DHL-AT-84108091";"2026-06-15 13:03"
"SHP-000701";"ORD-001700";"DHL-CH-86627717";"2026-04-29 02:26"
"SHP-000702";"ORD-001701";"DHL-DE-80097502";"2026-05-18 22:19"
"SHP-000703";"ORD-001702";"DHL-AT-76670386";"2026-03-08 20:31"
"SHP-000704";"ORD-001703";"DHL-AT-45249323";"2026-01-21 01:08"
"SHP-000705";"ORD-001704";"DHL-AT-27619399";"2026-06-17 17:24"
"SHP-000706";"ORD-001705";"DHL-DE-22202988";"2026-03-17 08:55"
"SHP-000707";"ORD-001706";"DHL-DE-18720796";"2026-03-24 02:35"
"SHP-000708";"ORD-001707";"DHL-AT-25398430";"2026-02-23 00:16"
"SHP-000709";"ORD-001708";"DHL-DE-72780604";"2026-04-17 23:29"
"SHP-000710";"ORD-001709";"DHL-DE-56547094";"2026-07-02 08:27"
"SHP-000711";"ORD-001710";"DHL-FR-45102162";"2026-02-20 18:10"
"SHP-000712";"ORD-001711";"DHL-NL-38790271";"2026-06-22 11:04"
"SHP-000713";"ORD-001712";"DHL-DE-32638327";"2026-07-31 17:10"
"SHP-000714";"ORD-001713";"DHL-FR-96367148";"2026-06-28 18:12"
"SHP-000715";"ORD-001714";"DHL-DE-11095081";"2026-04-26 18:51"
"SHP-000716";"ORD-001715";"DHL-DE-45961736";"2026-07-26 13:45"
"SHP-000717";"ORD-001716";"DHL-DE-88277431";"2026-06-01 14:02"
"SHP-000718";"ORD-001717";"DHL-DE-61988064";"2026-06-09 20:42"
"SHP-000719";"ORD-001718";"DHL-FR-53976217";"2026-04-01 20:32"
"SHP-000720";"ORD-001719";"DHL-DE-76467743";"2026-01-21 03:45"
"SHP-000721";"ORD-001720";"DHL-FR-26074993";"2026-08-02 00:20"
"SHP-000722";"ORD-001721";"DHL-DE-35066842";"2026-02-01 05:58"
"SHP-000723";"ORD-001722";"DHL-DE-92218280";"2026-08-07 10:18"
"SHP-000724";"ORD-001723";"DHL-NL-10584435";"2026-08-09 07:59"
"SHP-000725";"ORD-001724";"DHL-FR-87453591";"2026-04-29 20:44"
"SHP-000726";"ORD-001725";"DHL-FR-58730529";"2026-05-29 03:34"
"SHP-000727";"ORD-001726";"DHL-DE-13957049";"2026-05-25 18:32"
"SHP-000728";"ORD-001727";"DHL-DE-70657447";"2026-07-03 10:57"
"SHP-000729";"ORD-001728";"DHL-DE-86444610";"2026-02-21 22:16"
"SHP-000730";"ORD-001729";"DHL-DE-46870468";"2026-04-27 03:18"
"SHP-000731";"ORD-001730";"DHL-DE-58761732";"2026-05-04 14:42"
"SHP-000732";"ORD-001731";"DHL-CH-73446340";"2026-05-15 00:58"
"SHP-000733";"ORD-001732";"DHL-DE-33223750";"2026-07-27 01:26"
"SHP-000734";"ORD-001733";"DHL-DE-83212391";"2026-02-20 08:32"
"SHP-000735";"ORD-001734";"DHL-DE-42233532";"2026-03-12 06:05"
"SHP-000736";"ORD-001735";"DHL-DE-28677464";"2026-04-26 17:58"
"SHP-000737";"ORD-001736";"DHL-DE-16257582";"2026-02-05 19:48"
"SHP-000738";"ORD-001737";"DHL-DE-36893470";"2026-01-23 18:53"
"SHP-000739";"ORD-001738";"DHL-FR-68788655";"2026-06-08 23:51"
"SHP-000740";"ORD-001739";"DHL-DE-26842893";"2026-06-29 03:42"
"SHP-000741";"ORD-001740";"DHL-DE-22129179";"2026-07-30 04:00"
"SHP-000742";"ORD-001741";"DHL-DE-95103481";"2026-07-07 06:34"
"SHP-000743";"ORD-001742";"DHL-DE-62817900";"2026-05-27 11:04"
"SHP-000744";"ORD-001743";"DHL-AT-43721891";"2026-03-08 20:19"
"SHP-000745";"ORD-001744";"DHL-FR-98636537";"2026-04-18 02:55"
"SHP-000746";"ORD-001745";"DHL-DE-56220258";"2026-04-17 23:07"
"SHP-000747";"ORD-001746";"DHL-DE-11898429";"2026-04-27 15:44"
"SHP-000748";"ORD-001747";"DHL-DE-77418730";"2026-07-10 07:00"
"SHP-000749";"ORD-001748";"DHL-DE-93758196";"2026-01-23 17:19"
"SHP-000750";"ORD-001749";"DHL-CH-64687917";"2026-06-05 01:32"
"SHP-000751";"ORD-001750";"DHL-AT-55130872";"2026-01-04 01:13"
"SHP-000752";"ORD-001751";"DHL-DE-74699302";"2026-07-08 10:10"
"SHP-000753";"ORD-001752";"DHL-DE-33284103";"2026-02-09 04:12"
"SHP-000754";"ORD-001753";"DHL-DE-13526634";"2026-02-17 20:30"
"SHP-000755";"ORD-001754";"DHL-DE-99702778";"2026-08-07 16:16"
"SHP-000756";"ORD-001755";"DHL-DE-47189132";"2026-03-14 13:27"
"SHP-000757";"ORD-001756";"DHL-DE-78354939";"2026-08-13 10:44"
"SHP-000758";"ORD-001757";"DHL-DE-17250445";"2026-06-09 05:15"
"SHP-000759";"ORD-001758";"DHL-AT-93834638";"2026-03-09 04:56"
"SHP-000760";"ORD-001759";"DHL-DE-10666559";"2026-04-05 20:44"
"SHP-000761";"ORD-001760";"DHL-AT-78977312";"2026-03-18 08:05"
"SHP-000762";"ORD-001761";"DHL-DE-29862617";"2026-01-15 13:17"
"SHP-000763";"ORD-001762";"DHL-CH-39289451";"2026-07-31 05:39"
"SHP-000764";"ORD-001763";"DHL-DE-48965098";"2026-03-15 09:12"
"SHP-000765";"ORD-001764";"DHL-DE-44221916";"2026-07-08 21:28"
"SHP-000766";"ORD-001765";"DHL-DE-86960248";"2026-03-13 15:22"
"SHP-000767";"ORD-001766";"DHL-CH-70482748";"2026-04-27 02:24"
"SHP-000768";"ORD-001767";"DHL-DE-95483845";"2026-04-28 17:12"
"SHP-000769";"ORD-001768";"DHL-NL-59532302";"2026-04-20 15:31"
"SHP-000770";"ORD-001769";"DHL-FR-16555413";"2026-05-28 04:02"
"SHP-000771";"ORD-001770";"DHL-PL-98822553";"2026-05-14 04:46"
"SHP-000772";"ORD-001771";"DHL-NL-35947980";"2026-06-10 03:50"
"SHP-000773";"ORD-001772";"DHL-CH-86296725";"2026-05-12 13:07"
"SHP-000774";"ORD-001773";"DHL-NL-45615221";"2026-04-15 15:18"
"SHP-000775";"ORD-001774";"DHL-NL-70813594";"2026-07-10 01:04"
"SHP-000776";"ORD-001775";"DHL-DE-50315632";"2026-07-09 09:26"
"SHP-000777";"ORD-001776";"DHL-DE-45479983";"2026-06-24 15:47"
"SHP-000778";"ORD-001777";"DHL-AT-97386800";"2026-07-25 00:50"
"SHP-000779";"ORD-001778";"DHL-NL-23944027";"2026-03-22 07:55"
"SHP-000780";"ORD-001779";"DHL-DE-21462304";"2026-03-28 11:30"
"SHP-000781";"ORD-001780";"DHL-AT-18752775";"2026-04-05 05:06"
"SHP-000782";"ORD-001781";"DHL-DE-16770788";"2026-02-04 09:54"
