id	order_id	product_sku	quantity	line_note
ITM-00000001	ORD-001000	SKU-0078	1	1 x SKU-0078
ITM-00000002	ORD-001000	SKU-0003	1	1 x SKU-0003
ITM-00000003	ORD-001001	SKU-0064	5	5 x SKU-0064
ITM-00000004	ORD-001001	SKU-0080	3	3 x SKU-0080
ITM-00000005	ORD-001001	SKU-0021	4	4 x SKU-0021
ITM-00000006	ORD-001001	SKU-0030	5	5 x SKU-0030
ITM-00000007	ORD-001002	SKU-0027	2	2 x SKU-0027
ITM-00000008	ORD-001002	SKU-0010	4	4 x SKU-0010
ITM-00000009	ORD-001002	SKU-0026	2	2 x SKU-0026
ITM-00000010	ORD-001003	SKU-0051	2	2 x SKU-0051
ITM-00000011	ORD-001003	SKU-0011	2	2 x SKU-0011
ITM-00000012	ORD-001003	SKU-0025	5	5 x SKU-0025
ITM-00000013	ORD-001004	SKU-0079	4	4 x SKU-0079
ITM-00000014	ORD-001005	SKU-0043	4	4 x SKU-0043
ITM-00000015	ORD-001005	SKU-0049	1	1 x SKU-0049
ITM-00000016	ORD-001006	SKU-0052	4	4 x SKU-0052
ITM-00000017	ORD-001006	SKU-0072	4	4 x SKU-0072
ITM-00000018	ORD-001007	SKU-0056	2	2 x SKU-0056
ITM-00000019	ORD-001007	SKU-0032	4	4 x SKU-0032
ITM-00000020	ORD-001007	SKU-0010	2	2 x SKU-0010
ITM-00000021	ORD-001007	SKU-0075	3	3 x SKU-0075
ITM-00000022	ORD-001008	SKU-0037	1	1 x SKU-0037
ITM-00000023	ORD-001008	SKU-0024	2	2 x SKU-0024
ITM-00000024	ORD-001008	SKU-0058	5	5 x SKU-0058
ITM-00000025	ORD-001009	SKU-0016	3	3 x SKU-0016
ITM-00000026	ORD-001009	SKU-0031	3	3 x SKU-0031
ITM-00000027	ORD-001009	SKU-0059	1	1 x SKU-0059
ITM-00000028	ORD-001010	SKU-0002	1	1 x SKU-0002
ITM-00000029	ORD-001010	SKU-0034	1	1 x SKU-0034
ITM-00000030	ORD-001011	SKU-0016	4	4 x SKU-0016
ITM-00000031	ORD-001011	SKU-0055	1	1 x SKU-0055
ITM-00000032	ORD-001012	SKU-0072	1	1 x SKU-0072
ITM-00000033	ORD-001012	SKU-0076	3	3 x SKU-0076
ITM-00000034	ORD-001013	SKU-0066	1	1 x SKU-0066
ITM-00000035	ORD-001014	SKU-0039	5	5 x SKU-0039
ITM-00000036	ORD-001014	SKU-0004	1	1 x SKU-0004
ITM-00000037	ORD-001014	SKU-0080	2	2 x SKU-0080
ITM-00000038	ORD-001014	SKU-0072	4	4 x SKU-0072
ITM-00000039	ORD-001015	SKU-0007	1	1 x SKU-0007
ITM-00000040	ORD-001015	SKU-0004	4	4 x SKU-0004
ITM-00000041	ORD-001016	SKU-0053	5	5 x SKU-0053
ITM-00000042	ORD-001016	SKU-0021	3	3 x SKU-0021
ITM-00000043	ORD-001016	SKU-0075	1	1 x SKU-0075
ITM-00000044	ORD-001016	SKU-0054	5	5 x SKU-0054
ITM-00000045	ORD-001017	SKU-0079	3	3 x SKU-0079
ITM-00000046	ORD-001017	SKU-0043	2	2 x SKU-0043
ITM-00000047	ORD-001018	SKU-0044	5	5 x SKU-0044
ITM-00000048	ORD-001018	SKU-0059	2	2 x SKU-0059
ITM-00000049	ORD-001019	SKU-0027	5	5 x SKU-0027
ITM-00000050	ORD-001019	SKU-0052	2	2 x SKU-0052
ITM-00000051	ORD-001019	SKU-0071	5	5 x SKU-0071
ITM-00000052	ORD-001020	SKU-0070	2	2 x SKU-0070
ITM-00000053	ORD-001020	SKU-0002	5	5 x SKU-0002
ITM-00000054	ORD-001020	SKU-0049	3	3 x SKU-0049
ITM-00000055	ORD-001020	SKU-0003	5	5 x SKU-0003
ITM-00000056	ORD-001021	SKU-0062	5	5 x SKU-0062
ITM-00000057	ORD-001021	SKU-0027	5	5 x SKU-0027
ITM-00000058	ORD-001021	SKU-0050	3	3 x SKU-0050
ITM-00000059	ORD-001021	SKU-0056	2	2 x SKU-0056
ITM-00000060	ORD-001022	SKU-0022	1	1 x SKU-0022
ITM-00000061	ORD-001022	SKU-0002	3	3 x SKU-0002
ITM-00000062	ORD-001023	SKU-0063	2	2 x SKU-0063
ITM-00000063	ORD-001024	SKU-0068	4	4 x SKU-0068
ITM-00000064	ORD-001024	SKU-0078	5	5 x SKU-0078
ITM-00000065	ORD-001025	SKU-0064	3	3 x SKU-0064
ITM-00000066	ORD-001026	SKU-0001	3	3 x SKU-0001
ITM-00000067	ORD-001027	SKU-0075	5	5 x SKU-0075
ITM-00000068	ORD-001027	SKU-0051	3	3 x SKU-0051
ITM-00000069	ORD-001027	SKU-0054	4	4 x SKU-0054
ITM-00000070	ORD-001027	SKU-0006	5	5 x SKU-0006
ITM-00000071	ORD-001028	SKU-0025	4	4 x SKU-0025
ITM-00000072	ORD-001029	SKU-0059	3	3 x SKU-0059
ITM-00000073	ORD-001029	SKU-0067	4	4 x SKU-0067
ITM-00000074	ORD-001029	SKU-0020	5	5 x SKU-0020
ITM-00000075	ORD-001030	SKU-0024	1	1 x SKU-0024
ITM-00000076	ORD-001030	SKU-0004	1	1 x SKU-0004
ITM-00000077	ORD-001030	SKU-0028	2	2 x SKU-0028
ITM-00000078	ORD-001031	SKU-0048	4	4 x SKU-0048
ITM-00000079	ORD-001031	SKU-0070	4	4 x SKU-0070
ITM-00000080	ORD-001031	SKU-0062	5	5 x SKU-0062
ITM-00000081	ORD-001031	SKU-0029	3	3 x SKU-0029
ITM-00000082	ORD-001032	SKU-0007	5	5 x SKU-0007
ITM-00000083	ORD-001032	SKU-0076	2	2 x SKU-0076
ITM-00000084	ORD-001032	SKU-0063	4	4 x SKU-0063
ITM-00000085	ORD-001033	SKU-0045	1	1 x SKU-0045
ITM-00000086	ORD-001033	SKU-0004	5	5 x SKU-0004
ITM-00000087	ORD-001034	SKU-0068	3	3 x SKU-0068
ITM-00000088	ORD-001034	SKU-0079	2	2 x SKU-0079
ITM-00000089	ORD-001034	SKU-0041	5	5 x SKU-0041
ITM-00000090	ORD-001034	SKU-0001	2	2 x SKU-0001
ITM-00000091	ORD-001035	SKU-0038	4	4 x SKU-0038
ITM-00000092	ORD-001035	SKU-0042	2	2 x SKU-0042
ITM-00000093	ORD-001035	SKU-0064	3	3 x SKU-0064
ITM-00000094	ORD-001035	SKU-0033	4	4 x SKU-0033
ITM-00000095	ORD-001036	SKU-0004	2	2 x SKU-0004
ITM-00000096	ORD-001036	SKU-0029	2	2 x SKU-0029
ITM-00000097	ORD-001037	SKU-0063	2	2 x SKU-0063
ITM-00000098	ORD-001037	SKU-0034	5	5 x SKU-0034
ITM-00000099	ORD-001037	SKU-0045	2	2 x SKU-0045
ITM-00000100	ORD-001037	SKU-0029	5	5 x SKU-0029
ITM-00000101	ORD-001038	SKU-0062	1	1 x SKU-0062
ITM-00000102	ORD-001039	SKU-0015	1	1 x SKU-0015
ITM-00000103	ORD-001039	SKU-0033	1	1 x SKU-0033
ITM-00000104	ORD-001040	SKU-0005	2	2 x SKU-0005
ITM-00000105	ORD-001040	SKU-0019	3	3 x SKU-0019
ITM-00000106	ORD-001040	SKU-0019	4	4 x SKU-0019
ITM-00000107	ORD-001040	SKU-0056	2	2 x SKU-0056
ITM-00000108	ORD-001041	SKU-0072	1	1 x SKU-0072
ITM-00000109	ORD-001041	SKU-0018	2	2 x SKU-0018
ITM-00000110	ORD-001041	SKU-0062	5	5 x SKU-0062
ITM-00000111	ORD-001041	SKU-0066	4	4 x SKU-0066
ITM-00000112	ORD-001042	SKU-0056	4	4 x SKU-0056
ITM-00000113	ORD-001042	SKU-0063	4	4 x SKU-0063
ITM-00000114	ORD-001042	SKU-0060	5	5 x SKU-0060
ITM-00000115	ORD-001043	SKU-0077	4	4 x SKU-0077
ITM-00000116	ORD-001043	SKU-0033	2	2 x SKU-0033
ITM-00000117	ORD-001043	SKU-0025	4	4 x SKU-0025
ITM-00000118	ORD-001044	SKU-0042	2	2 x SKU-0042
ITM-00000119	ORD-001045	SKU-0010	2	2 x SKU-0010
ITM-00000120	ORD-001045	SKU-0058	5	5 x SKU-0058
ITM-00000121	ORD-001046	SKU-0016	3	3 x SKU-0016
ITM-00000122	ORD-001046	SKU-0027	1	1 x SKU-0027
ITM-00000123	ORD-001046	SKU-0022	4	4 x SKU-0022
ITM-00000124	ORD-001047	SKU-0062	4	4 x SKU-0062
ITM-00000125	ORD-001047	SKU-0007	4	4 x SKU-0007
ITM-00000126	ORD-001047	SKU-0023	4	4 x SKU-0023
ITM-00000127	ORD-001047	SKU-0036	4	4 x SKU-0036
ITM-00000128	ORD-001048	SKU-0034	2	2 x SKU-0034
ITM-00000129	ORD-001048	SKU-0077	4	4 x SKU-0077
ITM-00000130	ORD-001048	SKU-0050	5	5 x SKU-0050
ITM-00000131	ORD-001049	SKU-0038	2	2 x SKU-0038
ITM-00000132	ORD-001049	SKU-0076	3	3 x SKU-0076
ITM-00000133	ORD-001050	SKU-0015	5	5 x SKU-0015
ITM-00000134	ORD-001050	SKU-0009	2	2 x SKU-0009
ITM-00000135	ORD-001050	SKU-0072	1	1 x SKU-0072
ITM-00000136	ORD-001050	SKU-0044	2	2 x SKU-0044
ITM-00000137	ORD-001051	SKU-0063	3	3 x SKU-0063
ITM-00000138	ORD-001051	SKU-0078	2	2 x SKU-0078
ITM-00000139	ORD-001051	SKU-0035	1	1 x SKU-0035
ITM-00000140	ORD-001051	SKU-0076	2	2 x SKU-0076
ITM-00000141	ORD-001052	SKU-0009	5	5 x SKU-0009
ITM-00000142	ORD-001052	SKU-0067	1	1 x SKU-0067
ITM-00000143	ORD-001052	SKU-0007	2	2 x SKU-0007
ITM-00000144	ORD-001053	SKU-0014	5	5 x SKU-0014
ITM-00000145	ORD-001053	SKU-0071	5	5 x SKU-0071
ITM-00000146	ORD-001053	SKU-0035	4	4 x SKU-0035
ITM-00000147	ORD-001054	SKU-0027	5	5 x SKU-0027
ITM-00000148	ORD-001055	SKU-0060	2	2 x SKU-0060
ITM-00000149	ORD-001056	SKU-0077	3	3 x SKU-0077
ITM-00000150	ORD-001056	SKU-0049	4	4 x SKU-0049
ITM-00000151	ORD-001056	SKU-0012	5	5 x SKU-0012
ITM-00000152	ORD-001057	SKU-0026	1	1 x SKU-0026
ITM-00000153	ORD-001057	SKU-0025	5	5 x SKU-0025
ITM-00000154	ORD-001057	SKU-0051	2	2 x SKU-0051
ITM-00000155	ORD-001058	SKU-0033	3	3 x SKU-0033
ITM-00000156	ORD-001059	SKU-0072	5	5 x SKU-0072
ITM-00000157	ORD-001060	SKU-0019	3	3 x SKU-0019
ITM-00000158	ORD-001060	SKU-0019	2	2 x SKU-0019
ITM-00000159	ORD-001060	SKU-0053	5	5 x SKU-0053
ITM-00000160	ORD-001061	SKU-0064	5	5 x SKU-0064
ITM-00000161	ORD-001061	SKU-0004	2	2 x SKU-0004
ITM-00000162	ORD-001061	SKU-0079	3	3 x SKU-0079
ITM-00000163	ORD-001061	SKU-0055	2	2 x SKU-0055
ITM-00000164	ORD-001062	SKU-0062	4	4 x SKU-0062
ITM-00000165	ORD-001062	SKU-0046	2	2 x SKU-0046
ITM-00000166	ORD-001062	SKU-0010	3	3 x SKU-0010
ITM-00000167	ORD-001063	SKU-0037	3	3 x SKU-0037
ITM-00000168	ORD-001063	SKU-0056	1	1 x SKU-0056
ITM-00000169	ORD-001064	SKU-0067	1	1 x SKU-0067
ITM-00000170	ORD-001064	SKU-0045	4	4 x SKU-0045
ITM-00000171	ORD-001064	SKU-0039	5	5 x SKU-0039
ITM-00000172	ORD-001065	SKU-0027	1	1 x SKU-0027
ITM-00000173	ORD-001066	SKU-0048	1	1 x SKU-0048
ITM-00000174	ORD-001066	SKU-0001	2	2 x SKU-0001
ITM-00000175	ORD-001067	SKU-0018	4	4 x SKU-0018
ITM-00000176	ORD-001067	SKU-0024	1	1 x SKU-0024
ITM-00000177	ORD-001067	SKU-0017	2	2 x SKU-0017
ITM-00000178	ORD-001068	SKU-0008	2	2 x SKU-0008
ITM-00000179	ORD-001068	SKU-0068	5	5 x SKU-0068
ITM-00000180	ORD-001069	SKU-0044	3	3 x SKU-0044
ITM-00000181	ORD-001069	SKU-0052	2	2 x SKU-0052
ITM-00000182	ORD-001069	SKU-0042	2	2 x SKU-0042
ITM-00000183	ORD-001069	SKU-0078	3	3 x SKU-0078
ITM-00000184	ORD-001070	SKU-0054	3	3 x SKU-0054
ITM-00000185	ORD-001070	SKU-0043	1	1 x SKU-0043
ITM-00000186	ORD-001070	SKU-0068	5	5 x SKU-0068
ITM-00000187	ORD-001070	SKU-0009	4	4 x SKU-0009
ITM-00000188	ORD-001071	SKU-0029	2	2 x SKU-0029
ITM-00000189	ORD-001071	SKU-0051	2	2 x SKU-0051
ITM-00000190	ORD-001071	SKU-0025	3	3 x SKU-0025
ITM-00000191	ORD-001072	SKU-0077	4	4 x SKU-0077
ITM-00000192	ORD-001072	SKU-0054	2	2 x SKU-0054
ITM-00000193	ORD-001072	SKU-0065	2	2 x SKU-0065
ITM-00000194	ORD-001072	SKU-0077	3	3 x SKU-0077
ITM-00000195	ORD-001073	SKU-0078	1	1 x SKU-0078
ITM-00000196	ORD-001074	SKU-0035	4	4 x SKU-0035
ITM-00000197	ORD-001074	SKU-0011	5	5 x SKU-0011
ITM-00000198	ORD-001074	SKU-0014	1	1 x SKU-0014
ITM-00000199	ORD-001075	SKU-0030	3	3 x SKU-0030
ITM-00000200	ORD-001076	SKU-0072	3	3 x SKU-0072
ITM-00000201	ORD-001076	SKU-0036	1	1 x SKU-0036
ITM-00000202	ORD-001076	SKU-0031	2	2 x SKU-0031
ITM-00000203	ORD-001076	SKU-0022	3	3 x SKU-0022
ITM-00000204	ORD-001077	SKU-0065	2	2 x SKU-0065
ITM-00000205	ORD-001077	SKU-0004	2	2 x SKU-0004
ITM-00000206	ORD-001078	SKU-0060	3	3 x SKU-0060
ITM-00000207	ORD-001078	SKU-0023	1	1 x SKU-0023
ITM-00000208	ORD-001079	SKU-0029	1	1 x SKU-0029
ITM-00000209	ORD-001079	SKU-0024	4	4 x SKU-0024
ITM-00000210	ORD-001079	SKU-0046	5	5 x SKU-0046
ITM-00000211	ORD-001080	SKU-0060	3	3 x SKU-0060
ITM-00000212	ORD-001080	SKU-0016	1	1 x SKU-0016
ITM-00000213	ORD-001080	SKU-0047	5	5 x SKU-0047
ITM-00000214	ORD-001080	SKU-0020	3	3 x SKU-0020
ITM-00000215	ORD-001081	SKU-0028	1	1 x SKU-0028
ITM-00000216	ORD-001081	SKU-0057	4	4 x SKU-0057
ITM-00000217	ORD-001081	SKU-0027	5	5 x SKU-0027
ITM-00000218	ORD-001081	SKU-0040	1	1 x SKU-0040
ITM-00000219	ORD-001082	SKU-0040	5	5 x SKU-0040
ITM-00000220	ORD-001082	SKU-0024	4	4 x SKU-0024
ITM-00000221	ORD-001082	SKU-0006	4	4 x SKU-0006
ITM-00000222	ORD-001082	SKU-0041	4	4 x SKU-0041
ITM-00000223	ORD-001083	SKU-0049	4	4 x SKU-0049
ITM-00000224	ORD-001083	SKU-0052	3	3 x SKU-0052
ITM-00000225	ORD-001083	SKU-0073	2	2 x SKU-0073
ITM-00000226	ORD-001084	SKU-0029	2	2 x SKU-0029
ITM-00000227	ORD-001084	SKU-0056	1	1 x SKU-0056
ITM-00000228	ORD-001084	SKU-0028	5	5 x SKU-0028
ITM-00000229	ORD-001085	SKU-0039	1	1 x SKU-0039
ITM-00000230	ORD-001085	SKU-0043	4	4 x SKU-0043
ITM-00000231	ORD-001085	SKU-0075	3	3 x SKU-0075
ITM-00000232	ORD-001085	SKU-0038	5	5 x SKU-0038
ITM-00000233	ORD-001086	SKU-0072	4	4 x SKU-0072
ITM-00000234	ORD-001086	SKU-0067	5	5 x SKU-0067
ITM-00000235	ORD-001086	SKU-0080	2	2 x SKU-0080
ITM-00000236	ORD-001087	SKU-0069	2	2 x SKU-0069
ITM-00000237	ORD-001088	SKU-0045	1	1 x SKU-0045
ITM-00000238	ORD-001089	SKU-0039	4	4 x SKU-0039
ITM-00000239	ORD-001090	SKU-0028	2	2 x SKU-0028
ITM-00000240	ORD-001090	SKU-0037	1	1 x SKU-0037
ITM-00000241	ORD-001091	SKU-0079	5	5 x SKU-0079
ITM-00000242	ORD-001091	SKU-0048	4	4 x SKU-0048
ITM-00000243	ORD-001091	SKU-0012	3	3 x SKU-0012
ITM-00000244	ORD-001092	SKU-0002	3	3 x SKU-0002
ITM-00000245	ORD-001092	SKU-0015	2	2 x SKU-0015
ITM-00000246	ORD-001092	SKU-0001	3	3 x SKU-0001
ITM-00000247	ORD-001092	SKU-0006	3	3 x SKU-0006
ITM-00000248	ORD-001093	SKU-0064	1	1 x SKU-0064
ITM-00000249	ORD-001093	SKU-0061	5	5 x SKU-0061
ITM-00000250	ORD-001094	SKU-0003	1	1 x SKU-0003
ITM-00000251	ORD-001094	SKU-0076	1	1 x SKU-0076
ITM-00000252	ORD-001094	SKU-0042	5	5 x SKU-0042
ITM-00000253	ORD-001094	SKU-0041	1	1 x SKU-0041
ITM-00000254	ORD-001095	SKU-0067	1	1 x SKU-0067
ITM-00000255	ORD-001095	SKU-0031	1	1 x SKU-0031
ITM-00000256	ORD-001096	SKU-0014	3	3 x SKU-0014
ITM-00000257	ORD-001096	SKU-0040	2	2 x SKU-0040
ITM-00000258	ORD-001097	SKU-0012	2	2 x SKU-0012
ITM-00000259	ORD-001098	SKU-0007	2	2 x SKU-0007
ITM-00000260	ORD-001099	SKU-0030	4	4 x SKU-0030
ITM-00000261	ORD-001100	SKU-0053	5	5 x SKU-0053
ITM-00000262	ORD-001100	SKU-0047	5	5 x SKU-0047
ITM-00000263	ORD-001100	SKU-0014	1	1 x SKU-0014
ITM-00000264	ORD-001100	SKU-0066	5	5 x SKU-0066
ITM-00000265	ORD-001101	SKU-0060	2	2 x SKU-0060
ITM-00000266	ORD-001102	SKU-0001	2	2 x SKU-0001
ITM-00000267	ORD-001102	SKU-0021	1	1 x SKU-0021
ITM-00000268	ORD-001103	SKU-0008	1	1 x SKU-0008
ITM-00000269	ORD-001103	SKU-0040	1	1 x SKU-0040
ITM-00000270	ORD-001103	SKU-0032	2	2 x SKU-0032
ITM-00000271	ORD-001104	SKU-0006	4	4 x SKU-0006
ITM-00000272	ORD-001104	SKU-0064	3	3 x SKU-0064
ITM-00000273	ORD-001104	SKU-0063	3	3 x SKU-0063
ITM-00000274	ORD-001104	SKU-0009	4	4 x SKU-0009
ITM-00000275	ORD-001105	SKU-0049	1	1 x SKU-0049
ITM-00000276	ORD-001106	SKU-0011	3	3 x SKU-0011
ITM-00000277	ORD-001106	SKU-0075	3	3 x SKU-0075
ITM-00000278	ORD-001106	SKU-0042	5	5 x SKU-0042
ITM-00000279	ORD-001106	SKU-0056	5	5 x SKU-0056
ITM-00000280	ORD-001107	SKU-0069	1	1 x SKU-0069
ITM-00000281	ORD-001107	SKU-0037	5	5 x SKU-0037
ITM-00000282	ORD-001107	SKU-0069	1	1 x SKU-0069
ITM-00000283	ORD-001107	SKU-0009	4	4 x SKU-0009
ITM-00000284	ORD-001108	SKU-0024	4	4 x SKU-0024
ITM-00000285	ORD-001108	SKU-0024	3	3 x SKU-0024
ITM-00000286	ORD-001108	SKU-0037	5	5 x SKU-0037
ITM-00000287	ORD-001109	SKU-0072	2	2 x SKU-0072
ITM-00000288	ORD-001109	SKU-0016	5	5 x SKU-0016
ITM-00000289	ORD-001109	SKU-0004	1	1 x SKU-0004
ITM-00000290	ORD-001109	SKU-0044	5	5 x SKU-0044
ITM-00000291	ORD-001110	SKU-0052	5	5 x SKU-0052
ITM-00000292	ORD-001110	SKU-0020	1	1 x SKU-0020
ITM-00000293	ORD-001111	SKU-0071	3	3 x SKU-0071
ITM-00000294	ORD-001111	SKU-0052	4	4 x SKU-0052
ITM-00000295	ORD-001112	SKU-0043	1	1 x SKU-0043
ITM-00000296	ORD-001112	SKU-0046	5	5 x SKU-0046
ITM-00000297	ORD-001112	SKU-0068	2	2 x SKU-0068
ITM-00000298	ORD-001113	SKU-0070	2	2 x SKU-0070
ITM-00000299	ORD-001113	SKU-0065	4	4 x SKU-0065
ITM-00000300	ORD-001114	SKU-0031	3	3 x SKU-0031
ITM-00000301	ORD-001115	SKU-0079	5	5 x SKU-0079
ITM-00000302	ORD-001115	SKU-0013	2	2 x SKU-0013
ITM-00000303	ORD-001115	SKU-0064	4	4 x SKU-0064
ITM-00000304	ORD-001115	SKU-0050	4	4 x SKU-0050
ITM-00000305	ORD-001116	SKU-0043	5	5 x SKU-0043
ITM-00000306	ORD-001116	SKU-0016	1	1 x SKU-0016
ITM-00000307	ORD-001116	SKU-0079	5	5 x SKU-0079
ITM-00000308	ORD-001117	SKU-0020	5	5 x SKU-0020
ITM-00000309	ORD-001118	SKU-0062	1	1 x SKU-0062
ITM-00000310	ORD-001118	SKU-0072	1	1 x SKU-0072
ITM-00000311	ORD-001119	SKU-0075	4	4 x SKU-0075
ITM-00000312	ORD-001120	SKU-0004	1	1 x SKU-0004
ITM-00000313	ORD-001120	SKU-0021	3	3 x SKU-0021
ITM-00000314	ORD-001120	SKU-0041	4	4 x SKU-0041
ITM-00000315	ORD-001120	SKU-0060	4	4 x SKU-0060
ITM-00000316	ORD-001121	SKU-0019	4	4 x SKU-0019
ITM-00000317	ORD-001121	SKU-0030	3	3 x SKU-0030
ITM-00000318	ORD-001121	SKU-0032	4	4 x SKU-0032
ITM-00000319	ORD-001121	SKU-0079	1	1 x SKU-0079
ITM-00000320	ORD-001122	SKU-0054	1	1 x SKU-0054
ITM-00000321	ORD-001122	SKU-0005	5	5 x SKU-0005
ITM-00000322	ORD-001123	SKU-0062	4	4 x SKU-0062
ITM-00000323	ORD-001123	SKU-0032	1	1 x SKU-0032
ITM-00000324	ORD-001124	SKU-0033	2	2 x SKU-0033
ITM-00000325	ORD-001124	SKU-0009	5	5 x SKU-0009
ITM-00000326	ORD-001124	SKU-0030	4	4 x SKU-0030
ITM-00000327	ORD-001125	SKU-0002	3	3 x SKU-0002
ITM-00000328	ORD-001125	SKU-0046	3	3 x SKU-0046
ITM-00000329	ORD-001126	SKU-0003	1	1 x SKU-0003
ITM-00000330	ORD-001126	SKU-0044	3	3 x SKU-0044
ITM-00000331	ORD-001126	SKU-0050	4	4 x SKU-0050
ITM-00000332	ORD-001127	SKU-0076	1	1 x SKU-0076
ITM-00000333	ORD-001127	SKU-0034	4	4 x SKU-0034
ITM-00000334	ORD-001128	SKU-0066	5	5 x SKU-0066
ITM-00000335	ORD-001128	SKU-0020	5	5 x SKU-0020
ITM-00000336	ORD-001128	SKU-0042	3	3 x SKU-0042
ITM-00000337	ORD-001129	SKU-0074	2	2 x SKU-0074
ITM-00000338	ORD-001130	SKU-0071	2	2 x SKU-0071
ITM-00000339	ORD-001130	SKU-0004	2	2 x SKU-0004
ITM-00000340	ORD-001130	SKU-0062	2	2 x SKU-0062
ITM-00000341	ORD-001131	SKU-0071	4	4 x SKU-0071
ITM-00000342	ORD-001132	SKU-0004	3	3 x SKU-0004
ITM-00000343	ORD-001133	SKU-0047	2	2 x SKU-0047
ITM-00000344	ORD-001133	SKU-0012	5	5 x SKU-0012
ITM-00000345	ORD-001133	SKU-0019	1	1 x SKU-0019
ITM-00000346	ORD-001134	SKU-0010	1	1 x SKU-0010
ITM-00000347	ORD-001135	SKU-0066	2	2 x SKU-0066
ITM-00000348	ORD-001135	SKU-0006	2	2 x SKU-0006
ITM-00000349	ORD-001135	SKU-0004	3	3 x SKU-0004
ITM-00000350	ORD-001135	SKU-0075	4	4 x SKU-0075
ITM-00000351	ORD-001136	SKU-0061	2	2 x SKU-0061
ITM-00000352	ORD-001136	SKU-0038	2	2 x SKU-0038
ITM-00000353	ORD-001137	SKU-0071	2	2 x SKU-0071
ITM-00000354	ORD-001137	SKU-0040	3	3 x SKU-0040
ITM-00000355	ORD-001137	SKU-0056	1	1 x SKU-0056
ITM-00000356	ORD-001137	SKU-0065	4	4 x SKU-0065
ITM-00000357	ORD-001138	SKU-0026	4	4 x SKU-0026
ITM-00000358	ORD-001138	SKU-0062	3	3 x SKU-0062
ITM-00000359	ORD-001138	SKU-0080	3	3 x SKU-0080
ITM-00000360	ORD-001138	SKU-0026	2	2 x SKU-0026
ITM-00000361	ORD-001139	SKU-0031	4	4 x SKU-0031
ITM-00000362	ORD-001139	SKU-0044	4	4 x SKU-0044
ITM-00000363	ORD-001139	SKU-0013	2	2 x SKU-0013
ITM-00000364	ORD-001139	SKU-0039	1	1 x SKU-0039
ITM-00000365	ORD-001140	SKU-0056	1	1 x SKU-0056
ITM-00000366	ORD-001140	SKU-0014	3	3 x SKU-0014
ITM-00000367	ORD-001140	SKU-0073	3	3 x SKU-0073
ITM-00000368	ORD-001141	SKU-0064	5	5 x SKU-0064
ITM-00000369	ORD-001142	SKU-0065	1	1 x SKU-0065
ITM-00000370	ORD-001143	SKU-0071	2	2 x SKU-0071
ITM-00000371	ORD-001143	SKU-0003	3	3 x SKU-0003
ITM-00000372	ORD-001143	SKU-0070	5	5 x SKU-0070
ITM-00000373	ORD-001144	SKU-0029	4	4 x SKU-0029
ITM-00000374	ORD-001145	SKU-0052	4	4 x SKU-0052
ITM-00000375	ORD-001145	SKU-0048	2	2 x SKU-0048
ITM-00000376	ORD-001146	SKU-0026	3	3 x SKU-0026
ITM-00000377	ORD-001147	SKU-0042	4	4 x SKU-0042
ITM-00000378	ORD-001147	SKU-0030	4	4 x SKU-0030
ITM-00000379	ORD-001147	SKU-0057	1	1 x SKU-0057
ITM-00000380	ORD-001148	SKU-0005	1	1 x SKU-0005
ITM-00000381	ORD-001148	SKU-0056	5	5 x SKU-0056
ITM-00000382	ORD-001148	SKU-0068	3	3 x SKU-0068
ITM-00000383	ORD-001149	SKU-0041	5	5 x SKU-0041
ITM-00000384	ORD-001150	SKU-0077	4	4 x SKU-0077
ITM-00000385	ORD-001151	SKU-0005	1	1 x SKU-0005
ITM-00000386	ORD-001151	SKU-0023	3	3 x SKU-0023
ITM-00000387	ORD-001151	SKU-0045	3	3 x SKU-0045
ITM-00000388	ORD-001151	SKU-0052	4	4 x SKU-0052
ITM-00000389	ORD-001152	SKU-0048	2	2 x SKU-0048
ITM-00000390	ORD-001153	SKU-0071	5	5 x SKU-0071
ITM-00000391	ORD-001153	SKU-0058	1	1 x SKU-0058
ITM-00000392	ORD-001153	SKU-0032	2	2 x SKU-0032
ITM-00000393	ORD-001154	SKU-0001	3	3 x SKU-0001
ITM-00000394	ORD-001154	SKU-0035	2	2 x SKU-0035
ITM-00000395	ORD-001154	SKU-0058	5	5 x SKU-0058
ITM-00000396	ORD-001154	SKU-0034	2	2 x SKU-0034
ITM-00000397	ORD-001155	SKU-0012	4	4 x SKU-0012
ITM-00000398	ORD-001155	SKU-0057	1	1 x SKU-0057
ITM-00000399	ORD-001155	SKU-0012	3	3 x SKU-0012
ITM-00000400	ORD-001155	SKU-0069	4	4 x SKU-0069
ITM-00000401	ORD-001156	SKU-0009	3	3 x SKU-0009
ITM-00000402	ORD-001156	SKU-0058	5	5 x SKU-0058
ITM-00000403	ORD-001156	SKU-0044	5	5 x SKU-0044
ITM-00000404	ORD-001156	SKU-0051	5	5 x SKU-0051
ITM-00000405	ORD-001157	SKU-0032	1	1 x SKU-0032
ITM-00000406	ORD-001158	SKU-0023	1	1 x SKU-0023
ITM-00000407	ORD-001159	SKU-0046	2	2 x SKU-0046
ITM-00000408	ORD-001159	SKU-0075	1	1 x SKU-0075
ITM-00000409	ORD-001160	SKU-0030	2	2 x SKU-0030
ITM-00000410	ORD-001160	SKU-0070	2	2 x SKU-0070
ITM-00000411	ORD-001160	SKU-0063	1	1 x SKU-0063
ITM-00000412	ORD-001161	SKU-0063	5	5 x SKU-0063
ITM-00000413	ORD-001161	SKU-0070	5	5 x SKU-0070
ITM-00000414	ORD-001161	SKU-0002	1	1 x SKU-0002
ITM-00000415	ORD-001162	SKU-0017	2	2 x SKU-0017
ITM-00000416	ORD-001162	SKU-0044	4	4 x SKU-0044
ITM-00000417	ORD-001162	SKU-0051	2	2 x SKU-0051
ITM-00000418	ORD-001163	SKU-0078	2	2 x SKU-0078
ITM-00000419	ORD-001163	SKU-0015	3	3 x SKU-0015
ITM-00000420	ORD-001163	SKU-0005	3	3 x SKU-0005
ITM-00000421	ORD-001164	SKU-0020	2	2 x SKU-0020
ITM-00000422	ORD-001164	SKU-0030	1	1 x SKU-0030
ITM-00000423	ORD-001164	SKU-0040	3	3 x SKU-0040
ITM-00000424	ORD-001165	SKU-0039	1	1 x SKU-0039
ITM-00000425	ORD-001165	SKU-0047	3	3 x SKU-0047
ITM-00000426	ORD-001166	SKU-0019	1	1 x SKU-0019
ITM-00000427	ORD-001166	SKU-0025	4	4 x SKU-0025
ITM-00000428	ORD-001166	SKU-0002	5	5 x SKU-0002
ITM-00000429	ORD-001167	SKU-0007	1	1 x SKU-0007
ITM-00000430	ORD-001167	SKU-0020	1	1 x SKU-0020
ITM-00000431	ORD-001167	SKU-0036	2	2 x SKU-0036
ITM-00000432	ORD-001167	SKU-0015	5	5 x SKU-0015
ITM-00000433	ORD-001168	SKU-0030	4	4 x SKU-0030
ITM-00000434	ORD-001168	SKU-0070	3	3 x SKU-0070
ITM-00000435	ORD-001168	SKU-0064	3	3 x SKU-0064
ITM-00000436	ORD-001168	SKU-0036	2	2 x SKU-0036
ITM-00000437	ORD-001169	SKU-0045	4	4 x SKU-0045
ITM-00000438	ORD-001169	SKU-0069	3	3 x SKU-0069
ITM-00000439	ORD-001169	SKU-0047	5	5 x SKU-0047
ITM-00000440	ORD-001170	SKU-0001	1	1 x SKU-0001
ITM-00000441	ORD-001170	SKU-0025	4	4 x SKU-0025
ITM-00000442	ORD-001170	SKU-0001	1	1 x SKU-0001
ITM-00000443	ORD-001171	SKU-0014	1	1 x SKU-0014
ITM-00000444	ORD-001171	SKU-0003	4	4 x SKU-0003
ITM-00000445	ORD-001171	SKU-0060	3	3 x SKU-0060
ITM-00000446	ORD-001172	SKU-0070	4	4 x SKU-0070
ITM-00000447	ORD-001172	SKU-0070	2	2 x SKU-0070
ITM-00000448	ORD-001173	SKU-0027	2	2 x SKU-0027
ITM-00000449	ORD-001173	SKU-0057	4	4 x SKU-0057
ITM-00000450	ORD-001173	SKU-0048	5	5 x SKU-0048
ITM-00000451	ORD-001174	SKU-0032	3	3 x SKU-0032
ITM-00000452	ORD-001174	SKU-0022	2	2 x SKU-0022
ITM-00000453	ORD-001174	SKU-0064	5	5 x SKU-0064
ITM-00000454	ORD-001174	SKU-0033	2	2 x SKU-0033
ITM-00000455	ORD-001175	SKU-0012	3	3 x SKU-0012
ITM-00000456	ORD-001175	SKU-0076	4	4 x SKU-0076
ITM-00000457	ORD-001175	SKU-0003	3	3 x SKU-0003
ITM-00000458	ORD-001176	SKU-0022	3	3 x SKU-0022
ITM-00000459	ORD-001176	SKU-0027	3	3 x SKU-0027
ITM-00000460	ORD-001176	SKU-0035	4	4 x SKU-0035
ITM-00000461	ORD-001177	SKU-0016	2	2 x SKU-0016
ITM-00000462	ORD-001177	SKU-0002	2	2 x SKU-0002
ITM-00000463	ORD-001178	SKU-0068	3	3 x SKU-0068
ITM-00000464	ORD-001179	SKU-0042	3	3 x SKU-0042
ITM-00000465	ORD-001180	SKU-0050	5	5 x SKU-0050
ITM-00000466	ORD-001181	SKU-0052	4	4 x SKU-0052
ITM-00000467	ORD-001181	SKU-0033	1	1 x SKU-0033
ITM-00000468	ORD-001181	SKU-0013	5	5 x SKU-0013
ITM-00000469	ORD-001182	SKU-0074	1	1 x SKU-0074
ITM-00000470	ORD-001182	SKU-0007	3	3 x SKU-0007
ITM-00000471	ORD-001182	SKU-0018	4	4 x SKU-0018
ITM-00000472	ORD-001183	SKU-0010	2	2 x SKU-0010
ITM-00000473	ORD-001184	SKU-0040	5	5 x SKU-0040
ITM-00000474	ORD-001184	SKU-0052	3	3 x SKU-0052
ITM-00000475	ORD-001184	SKU-0065	4	4 x SKU-0065
ITM-00000476	ORD-001184	SKU-0035	3	3 x SKU-0035
ITM-00000477	ORD-001185	SKU-0040	3	3 x SKU-0040
ITM-00000478	ORD-001185	SKU-0010	2	2 x SKU-0010
ITM-00000479	ORD-001185	SKU-0079	4	4 x SKU-0079
ITM-00000480	ORD-001185	SKU-0072	4	4 x SKU-0072
ITM-00000481	ORD-001186	SKU-0033	4	4 x SKU-0033
ITM-00000482	ORD-001186	SKU-0068	1	1 x SKU-0068
ITM-00000483	ORD-001187	SKU-0080	5	5 x SKU-0080
ITM-00000484	ORD-001188	SKU-0019	3	3 x SKU-0019
ITM-00000485	ORD-001188	SKU-0073	3	3 x SKU-0073
ITM-00000486	ORD-001189	SKU-0019	5	5 x SKU-0019
ITM-00000487	ORD-001189	SKU-0040	1	1 x SKU-0040
ITM-00000488	ORD-001190	SKU-0009	2	2 x SKU-0009
ITM-00000489	ORD-001190	SKU-0008	2	2 x SKU-0008
ITM-00000490	ORD-001190	SKU-0063	1	1 x SKU-0063
ITM-00000491	ORD-001190	SKU-0079	2	2 x SKU-0079
ITM-00000492	ORD-001191	SKU-0031	5	5 x SKU-0031
ITM-00000493	ORD-001191	SKU-0033	3	3 x SKU-0033
ITM-00000494	ORD-001191	SKU-0037	4	4 x SKU-0037
ITM-00000495	ORD-001192	SKU-0002	1	1 x SKU-0002
ITM-00000496	ORD-001192	SKU-0019	1	1 x SKU-0019
ITM-00000497	ORD-001193	SKU-0037	4	4 x SKU-0037
ITM-00000498	ORD-001193	SKU-0026	2	2 x SKU-0026
ITM-00000499	ORD-001194	SKU-0047	1	1 x SKU-0047
ITM-00000500	ORD-001194	SKU-0025	3	3 x SKU-0025
ITM-00000501	ORD-001195	SKU-0017	3	3 x SKU-0017
ITM-00000502	ORD-001196	SKU-0022	4	4 x SKU-0022
ITM-00000503	ORD-001197	SKU-0009	2	2 x SKU-0009
ITM-00000504	ORD-001198	SKU-0029	1	1 x SKU-0029
ITM-00000505	ORD-001198	SKU-0063	4	4 x SKU-0063
ITM-00000506	ORD-001198	SKU-0034	2	2 x SKU-0034
ITM-00000507	ORD-001198	SKU-0013	3	3 x SKU-0013
ITM-00000508	ORD-001199	SKU-0053	5	5 x SKU-0053
ITM-00000509	ORD-001199	SKU-0074	2	2 x SKU-0074
ITM-00000510	ORD-001199	SKU-0068	2	2 x SKU-0068
ITM-00000511	ORD-001200	SKU-0042	5	5 x SKU-0042
ITM-00000512	ORD-001201	SKU-0027	2	2 x SKU-0027
ITM-00000513	ORD-001201	SKU-0029	5	5 x SKU-0029
ITM-00000514	ORD-001202	SKU-0059	4	4 x SKU-0059
ITM-00000515	ORD-001202	SKU-0073	2	2 x SKU-0073
ITM-00000516	ORD-001203	SKU-0063	5	5 x SKU-0063
ITM-00000517	ORD-001203	SKU-0014	5	5 x SKU-0014
ITM-00000518	ORD-001203	SKU-0020	5	5 x SKU-0020
ITM-00000519	ORD-001204	SKU-0012	5	5 x SKU-0012
ITM-00000520	ORD-001204	SKU-0001	5	5 x SKU-0001
ITM-00000521	ORD-001204	SKU-0069	5	5 x SKU-0069
ITM-00000522	ORD-001205	SKU-0022	2	2 x SKU-0022
ITM-00000523	ORD-001205	SKU-0028	1	1 x SKU-0028
ITM-00000524	ORD-001205	SKU-0045	3	3 x SKU-0045
ITM-00000525	ORD-001205	SKU-0061	2	2 x SKU-0061
ITM-00000526	ORD-001206	SKU-0051	2	2 x SKU-0051
ITM-00000527	ORD-001206	SKU-0028	2	2 x SKU-0028
ITM-00000528	ORD-001207	SKU-0039	5	5 x SKU-0039
ITM-00000529	ORD-001207	SKU-0033	1	1 x SKU-0033
ITM-00000530	ORD-001207	SKU-0066	2	2 x SKU-0066
ITM-00000531	ORD-001208	SKU-0070	2	2 x SKU-0070
ITM-00000532	ORD-001208	SKU-0001	2	2 x SKU-0001
ITM-00000533	ORD-001208	SKU-0043	2	2 x SKU-0043
ITM-00000534	ORD-001208	SKU-0079	4	4 x SKU-0079
ITM-00000535	ORD-001209	SKU-0014	2	2 x SKU-0014
ITM-00000536	ORD-001210	SKU-0003	4	4 x SKU-0003
ITM-00000537	ORD-001211	SKU-0044	3	3 x SKU-0044
ITM-00000538	ORD-001211	SKU-0011	2	2 x SKU-0011
ITM-00000539	ORD-001211	SKU-0048	5	5 x SKU-0048
ITM-00000540	ORD-001211	SKU-0034	3	3 x SKU-0034
ITM-00000541	ORD-001212	SKU-0059	1	1 x SKU-0059
ITM-00000542	ORD-001213	SKU-0026	4	4 x SKU-0026
ITM-00000543	ORD-001213	SKU-0008	5	5 x SKU-0008
ITM-00000544	ORD-001214	SKU-0018	2	2 x SKU-0018
ITM-00000545	ORD-001215	SKU-0018	3	3 x SKU-0018
ITM-00000546	ORD-001215	SKU-0063	3	3 x SKU-0063
ITM-00000547	ORD-001215	SKU-0042	5	5 x SKU-0042
ITM-00000548	ORD-001215	SKU-0050	3	3 x SKU-0050
ITM-00000549	ORD-001216	SKU-0008	1	1 x SKU-0008
ITM-00000550	ORD-001216	SKU-0054	2	2 x SKU-0054
ITM-00000551	ORD-001216	SKU-0059	1	1 x SKU-0059
ITM-00000552	ORD-001217	SKU-0044	5	5 x SKU-0044
ITM-00000553	ORD-001218	SKU-0061	4	4 x SKU-0061
ITM-00000554	ORD-001219	SKU-0065	2	2 x SKU-0065
ITM-00000555	ORD-001219	SKU-0051	5	5 x SKU-0051
ITM-00000556	ORD-001219	SKU-0048	5	5 x SKU-0048
ITM-00000557	ORD-001220	SKU-0050	3	3 x SKU-0050
ITM-00000558	ORD-001220	SKU-0056	3	3 x SKU-0056
ITM-00000559	ORD-001221	SKU-0034	4	4 x SKU-0034
ITM-00000560	ORD-001221	SKU-0002	1	1 x SKU-0002
ITM-00000561	ORD-001221	SKU-0025	5	5 x SKU-0025
ITM-00000562	ORD-001221	SKU-0063	5	5 x SKU-0063
ITM-00000563	ORD-001222	SKU-0009	1	1 x SKU-0009
ITM-00000564	ORD-001222	SKU-0048	4	4 x SKU-0048
ITM-00000565	ORD-001222	SKU-0045	2	2 x SKU-0045
ITM-00000566	ORD-001223	SKU-0001	3	3 x SKU-0001
ITM-00000567	ORD-001224	SKU-0039	2	2 x SKU-0039
ITM-00000568	ORD-001224	SKU-0039	1	1 x SKU-0039
ITM-00000569	ORD-001224	SKU-0024	1	1 x SKU-0024
ITM-00000570	ORD-001224	SKU-0068	2	2 x SKU-0068
ITM-00000571	ORD-001225	SKU-0079	2	2 x SKU-0079
ITM-00000572	ORD-001226	SKU-0068	3	3 x SKU-0068
ITM-00000573	ORD-001226	SKU-0071	4	4 x SKU-0071
ITM-00000574	ORD-001227	SKU-0008	2	2 x SKU-0008
ITM-00000575	ORD-001228	SKU-0007	2	2 x SKU-0007
ITM-00000576	ORD-001228	SKU-0059	2	2 x SKU-0059
ITM-00000577	ORD-001228	SKU-0001	4	4 x SKU-0001
ITM-00000578	ORD-001229	SKU-0007	5	5 x SKU-0007
ITM-00000579	ORD-001229	SKU-0065	5	5 x SKU-0065
ITM-00000580	ORD-001229	SKU-0007	2	2 x SKU-0007
ITM-00000581	ORD-001230	SKU-0076	4	4 x SKU-0076
ITM-00000582	ORD-001231	SKU-0044	5	5 x SKU-0044
ITM-00000583	ORD-001231	SKU-0067	3	3 x SKU-0067
ITM-00000584	ORD-001231	SKU-0037	5	5 x SKU-0037
ITM-00000585	ORD-001232	SKU-0002	2	2 x SKU-0002
ITM-00000586	ORD-001233	SKU-0008	5	5 x SKU-0008
ITM-00000587	ORD-001233	SKU-0011	3	3 x SKU-0011
ITM-00000588	ORD-001233	SKU-0024	1	1 x SKU-0024
ITM-00000589	ORD-001233	SKU-0080	3	3 x SKU-0080
ITM-00000590	ORD-001234	SKU-0055	1	1 x SKU-0055
ITM-00000591	ORD-001234	SKU-0072	2	2 x SKU-0072
ITM-00000592	ORD-001235	SKU-0029	1	1 x SKU-0029
ITM-00000593	ORD-001235	SKU-0067	1	1 x SKU-0067
ITM-00000594	ORD-001236	SKU-0020	1	1 x SKU-0020
ITM-00000595	ORD-001236	SKU-0018	4	4 x SKU-0018
ITM-00000596	ORD-001236	SKU-0074	1	1 x SKU-0074
ITM-00000597	ORD-001237	SKU-0049	5	5 x SKU-0049
ITM-00000598	ORD-001237	SKU-0032	2	2 x SKU-0032
ITM-00000599	ORD-001237	SKU-0014	4	4 x SKU-0014
ITM-00000600	ORD-001237	SKU-0009	5	5 x SKU-0009
ITM-00000601	ORD-001238	SKU-0051	4	4 x SKU-0051
ITM-00000602	ORD-001239	SKU-0009	1	1 x SKU-0009
ITM-00000603	ORD-001239	SKU-0070	2	2 x SKU-0070
ITM-00000604	ORD-001239	SKU-0048	3	3 x SKU-0048
ITM-00000605	ORD-001239	SKU-0017	3	3 x SKU-0017
ITM-00000606	ORD-001240	SKU-0071	1	1 x SKU-0071
ITM-00000607	ORD-001240	SKU-0015	1	1 x SKU-0015
ITM-00000608	ORD-001241	SKU-0070	4	4 x SKU-0070
ITM-00000609	ORD-001242	SKU-0043	1	1 x SKU-0043
ITM-00000610	ORD-001242	SKU-0051	5	5 x SKU-0051
ITM-00000611	ORD-001242	SKU-0077	3	3 x SKU-0077
ITM-00000612	ORD-001242	SKU-0020	5	5 x SKU-0020
ITM-00000613	ORD-001243	SKU-0058	3	3 x SKU-0058
ITM-00000614	ORD-001243	SKU-0057	3	3 x SKU-0057
ITM-00000615	ORD-001243	SKU-0061	5	5 x SKU-0061
ITM-00000616	ORD-001243	SKU-0002	5	5 x SKU-0002
ITM-00000617	ORD-001244	SKU-0041	4	4 x SKU-0041
ITM-00000618	ORD-001245	SKU-0072	4	4 x SKU-0072
ITM-00000619	ORD-001246	SKU-0022	1	1 x SKU-0022
ITM-00000620	ORD-001246	SKU-0002	5	5 x SKU-0002
ITM-00000621	ORD-001247	SKU-0062	1	1 x SKU-0062
ITM-00000622	ORD-001247	SKU-0039	1	1 x SKU-0039
ITM-00000623	ORD-001247	SKU-0009	5	5 x SKU-0009
ITM-00000624	ORD-001247	SKU-0027	1	1 x SKU-0027
ITM-00000625	ORD-001248	SKU-0025	3	3 x SKU-0025
ITM-00000626	ORD-001248	SKU-0016	3	3 x SKU-0016
ITM-00000627	ORD-001248	SKU-0042	3	3 x SKU-0042
ITM-00000628	ORD-001248	SKU-0073	1	1 x SKU-0073
ITM-00000629	ORD-001249	SKU-0025	1	1 x SKU-0025
ITM-00000630	ORD-001250	SKU-0015	2	2 x SKU-0015
ITM-00000631	ORD-001250	SKU-0005	3	3 x SKU-0005
ITM-00000632	ORD-001250	SKU-0005	3	3 x SKU-0005
ITM-00000633	ORD-001250	SKU-0003	1	1 x SKU-0003
ITM-00000634	ORD-001251	SKU-0017	3	3 x SKU-0017
ITM-00000635	ORD-001252	SKU-0076	1	1 x SKU-0076
ITM-00000636	ORD-001253	SKU-0069	4	4 x SKU-0069
ITM-00000637	ORD-001253	SKU-0003	1	1 x SKU-0003
ITM-00000638	ORD-001253	SKU-0037	5	5 x SKU-0037
ITM-00000639	ORD-001254	SKU-0006	4	4 x SKU-0006
ITM-00000640	ORD-001255	SKU-0009	1	1 x SKU-0009
ITM-00000641	ORD-001255	SKU-0043	3	3 x SKU-0043
ITM-00000642	ORD-001256	SKU-0066	4	4 x SKU-0066
ITM-00000643	ORD-001257	SKU-0037	1	1 x SKU-0037
ITM-00000644	ORD-001258	SKU-0056	3	3 x SKU-0056
ITM-00000645	ORD-001258	SKU-0073	1	1 x SKU-0073
ITM-00000646	ORD-001258	SKU-0043	3	3 x SKU-0043
ITM-00000647	ORD-001259	SKU-0069	3	3 x SKU-0069
ITM-00000648	ORD-001259	SKU-0020	5	5 x SKU-0020
ITM-00000649	ORD-001260	SKU-0015	2	2 x SKU-0015
ITM-00000650	ORD-001260	SKU-0065	5	5 x SKU-0065
ITM-00000651	ORD-001261	SKU-0077	4	4 x SKU-0077
ITM-00000652	ORD-001261	SKU-0006	3	3 x SKU-0006
ITM-00000653	ORD-001261	SKU-0062	2	2 x SKU-0062
ITM-00000654	ORD-001261	SKU-0041	3	3 x SKU-0041
ITM-00000655	ORD-001262	SKU-0015	4	4 x SKU-0015
ITM-00000656	ORD-001262	SKU-0034	5	5 x SKU-0034
ITM-00000657	ORD-001262	SKU-0080	3	3 x SKU-0080
ITM-00000658	ORD-001263	SKU-0056	2	2 x SKU-0056
ITM-00000659	ORD-001263	SKU-0033	3	3 x SKU-0033
ITM-00000660	ORD-001264	SKU-0004	1	1 x SKU-0004
ITM-00000661	ORD-001264	SKU-0071	3	3 x SKU-0071
ITM-00000662	ORD-001265	SKU-0068	4	4 x SKU-0068
ITM-00000663	ORD-001265	SKU-0065	3	3 x SKU-0065
ITM-00000664	ORD-001266	SKU-0047	2	2 x SKU-0047
ITM-00000665	ORD-001266	SKU-0074	2	2 x SKU-0074
ITM-00000666	ORD-001266	SKU-0008	1	1 x SKU-0008
ITM-00000667	ORD-001266	SKU-0013	5	5 x SKU-0013
ITM-00000668	ORD-001267	SKU-0035	2	2 x SKU-0035
ITM-00000669	ORD-001267	SKU-0004	4	4 x SKU-0004
ITM-00000670	ORD-001267	SKU-0026	5	5 x SKU-0026
ITM-00000671	ORD-001268	SKU-0035	5	5 x SKU-0035
ITM-00000672	ORD-001269	SKU-0048	2	2 x SKU-0048
ITM-00000673	ORD-001269	SKU-0025	2	2 x SKU-0025
ITM-00000674	ORD-001269	SKU-0010	1	1 x SKU-0010
ITM-00000675	ORD-001270	SKU-0018	1	1 x SKU-0018
ITM-00000676	ORD-001270	SKU-0014	2	2 x SKU-0014
ITM-00000677	ORD-001270	SKU-0002	4	4 x SKU-0002
ITM-00000678	ORD-001270	SKU-0029	2	2 x SKU-0029
ITM-00000679	ORD-001271	SKU-0071	2	2 x SKU-0071
ITM-00000680	ORD-001271	SKU-0069	3	3 x SKU-0069
ITM-00000681	ORD-001271	SKU-0047	3	3 x SKU-0047
ITM-00000682	ORD-001272	SKU-0072	4	4 x SKU-0072
ITM-00000683	ORD-001272	SKU-0045	3	3 x SKU-0045
ITM-00000684	ORD-001272	SKU-0069	4	4 x SKU-0069
ITM-00000685	ORD-001272	SKU-0054	1	1 x SKU-0054
ITM-00000686	ORD-001273	SKU-0017	5	5 x SKU-0017
ITM-00000687	ORD-001273	SKU-0073	2	2 x SKU-0073
ITM-00000688	ORD-001273	SKU-0029	4	4 x SKU-0029
ITM-00000689	ORD-001274	SKU-0043	1	1 x SKU-0043
ITM-00000690	ORD-001274	SKU-0035	4	4 x SKU-0035
ITM-00000691	ORD-001274	SKU-0050	5	5 x SKU-0050
ITM-00000692	ORD-001275	SKU-0041	5	5 x SKU-0041
ITM-00000693	ORD-001275	SKU-0012	3	3 x SKU-0012
ITM-00000694	ORD-001275	SKU-0037	1	1 x SKU-0037
ITM-00000695	ORD-001276	SKU-0006	3	3 x SKU-0006
ITM-00000696	ORD-001276	SKU-0042	4	4 x SKU-0042
ITM-00000697	ORD-001276	SKU-0031	1	1 x SKU-0031
ITM-00000698	ORD-001276	SKU-0016	3	3 x SKU-0016
ITM-00000699	ORD-001277	SKU-0026	5	5 x SKU-0026
ITM-00000700	ORD-001277	SKU-0017	4	4 x SKU-0017
ITM-00000701	ORD-001277	SKU-0052	2	2 x SKU-0052
ITM-00000702	ORD-001277	SKU-0045	1	1 x SKU-0045
ITM-00000703	ORD-001278	SKU-0011	2	2 x SKU-0011
ITM-00000704	ORD-001278	SKU-0070	3	3 x SKU-0070
ITM-00000705	ORD-001279	SKU-0023	2	2 x SKU-0023
ITM-00000706	ORD-001279	SKU-0030	4	4 x SKU-0030
ITM-00000707	ORD-001279	SKU-0075	5	5 x SKU-0075
ITM-00000708	ORD-001279	SKU-0011	4	4 x SKU-0011
ITM-00000709	ORD-001280	SKU-0075	2	2 x SKU-0075
ITM-00000710	ORD-001280	SKU-0011	4	4 x SKU-0011
ITM-00000711	ORD-001281	SKU-0023	3	3 x SKU-0023
ITM-00000712	ORD-001281	SKU-0026	1	1 x SKU-0026
ITM-00000713	ORD-001281	SKU-0013	4	4 x SKU-0013
ITM-00000714	ORD-001282	SKU-0049	2	2 x SKU-0049
ITM-00000715	ORD-001282	SKU-0080	4	4 x SKU-0080
ITM-00000716	ORD-001282	SKU-0033	5	5 x SKU-0033
ITM-00000717	ORD-001282	SKU-0074	4	4 x SKU-0074
ITM-00000718	ORD-001283	SKU-0021	5	5 x SKU-0021
ITM-00000719	ORD-001284	SKU-0060	4	4 x SKU-0060
ITM-00000720	ORD-001284	SKU-0056	4	4 x SKU-0056
ITM-00000721	ORD-001284	SKU-0026	3	3 x SKU-0026
ITM-00000722	ORD-001284	SKU-0010	2	2 x SKU-0010
ITM-00000723	ORD-001285	SKU-0019	5	5 x SKU-0019
ITM-00000724	ORD-001286	SKU-0039	4	4 x SKU-0039
ITM-00000725	ORD-001287	SKU-0045	1	1 x SKU-0045
ITM-00000726	ORD-001287	SKU-0071	3	3 x SKU-0071
ITM-00000727	ORD-001288	SKU-0017	1	1 x SKU-0017
ITM-00000728	ORD-001288	SKU-0061	3	3 x SKU-0061
ITM-00000729	ORD-001289	SKU-0011	4	4 x SKU-0011
ITM-00000730	ORD-001290	SKU-0080	5	5 x SKU-0080
ITM-00000731	ORD-001290	SKU-0027	4	4 x SKU-0027
ITM-00000732	ORD-001290	SKU-0018	4	4 x SKU-0018
ITM-00000733	ORD-001291	SKU-0010	4	4 x SKU-0010
ITM-00000734	ORD-001291	SKU-0021	5	5 x SKU-0021
ITM-00000735	ORD-001292	SKU-0065	2	2 x SKU-0065
ITM-00000736	ORD-001292	SKU-0011	4	4 x SKU-0011
ITM-00000737	ORD-001293	SKU-0049	5	5 x SKU-0049
ITM-00000738	ORD-001293	SKU-0035	2	2 x SKU-0035
ITM-00000739	ORD-001294	SKU-0028	1	1 x SKU-0028
ITM-00000740	ORD-001294	SKU-0078	3	3 x SKU-0078
ITM-00000741	ORD-001294	SKU-0048	4	4 x SKU-0048
ITM-00000742	ORD-001294	SKU-0016	4	4 x SKU-0016
ITM-00000743	ORD-001295	SKU-0017	4	4 x SKU-0017
ITM-00000744	ORD-001296	SKU-0050	1	1 x SKU-0050
ITM-00000745	ORD-001297	SKU-0065	1	1 x SKU-0065
ITM-00000746	ORD-001298	SKU-0064	1	1 x SKU-0064
ITM-00000747	ORD-001299	SKU-0063	3	3 x SKU-0063
ITM-00000748	ORD-001299	SKU-0061	5	5 x SKU-0061
ITM-00000749	ORD-001299	SKU-0066	1	1 x SKU-0066
ITM-00000750	ORD-001300	SKU-0028	3	3 x SKU-0028
ITM-00000751	ORD-001300	SKU-0005	3	3 x SKU-0005
ITM-00000752	ORD-001300	SKU-0071	3	3 x SKU-0071
ITM-00000753	ORD-001300	SKU-0028	4	4 x SKU-0028
ITM-00000754	ORD-001301	SKU-0033	3	3 x SKU-0033
ITM-00000755	ORD-001302	SKU-0063	2	2 x SKU-0063
ITM-00000756	ORD-001302	SKU-0013	5	5 x SKU-0013
ITM-00000757	ORD-001303	SKU-0005	1	1 x SKU-0005
ITM-00000758	ORD-001303	SKU-0061	5	5 x SKU-0061
ITM-00000759	ORD-001304	SKU-0035	5	5 x SKU-0035
ITM-00000760	ORD-001304	SKU-0021	4	4 x SKU-0021
ITM-00000761	ORD-001304	SKU-0064	4	4 x SKU-0064
ITM-00000762	ORD-001305	SKU-0070	3	3 x SKU-0070
ITM-00000763	ORD-001305	SKU-0067	2	2 x SKU-0067
ITM-00000764	ORD-001305	SKU-0008	5	5 x SKU-0008
ITM-00000765	ORD-001305	SKU-0002	2	2 x SKU-0002
ITM-00000766	ORD-001306	SKU-0001	4	4 x SKU-0001
ITM-00000767	ORD-001306	SKU-0029	2	2 x SKU-0029
ITM-00000768	ORD-001306	SKU-0030	5	5 x SKU-0030
ITM-00000769	ORD-001306	SKU-0033	1	1 x SKU-0033
ITM-00000770	ORD-001307	SKU-0044	5	5 x SKU-0044
ITM-00000771	ORD-001307	SKU-0041	4	4 x SKU-0041
ITM-00000772	ORD-001307	SKU-0076	4	4 x SKU-0076
ITM-00000773	ORD-001308	SKU-0019	4	4 x SKU-0019
ITM-00000774	ORD-001308	SKU-0009	1	1 x SKU-0009
ITM-00000775	ORD-001308	SKU-0006	2	2 x SKU-0006
ITM-00000776	ORD-001308	SKU-0064	1	1 x SKU-0064
ITM-00000777	ORD-001309	SKU-0067	2	2 x SKU-0067
ITM-00000778	ORD-001309	SKU-0068	2	2 x SKU-0068
ITM-00000779	ORD-001309	SKU-0065	2	2 x SKU-0065
ITM-00000780	ORD-001309	SKU-0034	2	2 x SKU-0034
ITM-00000781	ORD-001310	SKU-0079	3	3 x SKU-0079
ITM-00000782	ORD-001310	SKU-0044	4	4 x SKU-0044
ITM-00000783	ORD-001310	SKU-0017	1	1 x SKU-0017
ITM-00000784	ORD-001310	SKU-0001	3	3 x SKU-0001
ITM-00000785	ORD-001311	SKU-0008	5	5 x SKU-0008
ITM-00000786	ORD-001311	SKU-0030	4	4 x SKU-0030
ITM-00000787	ORD-001311	SKU-0053	2	2 x SKU-0053
ITM-00000788	ORD-001312	SKU-0004	4	4 x SKU-0004
ITM-00000789	ORD-001312	SKU-0009	4	4 x SKU-0009
ITM-00000790	ORD-001312	SKU-0050	2	2 x SKU-0050
ITM-00000791	ORD-001312	SKU-0031	3	3 x SKU-0031
ITM-00000792	ORD-001313	SKU-0003	1	1 x SKU-0003
ITM-00000793	ORD-001313	SKU-0055	5	5 x SKU-0055
ITM-00000794	ORD-001313	SKU-0075	3	3 x SKU-0075
ITM-00000795	ORD-001314	SKU-0035	1	1 x SKU-0035
ITM-00000796	ORD-001315	SKU-0075	3	3 x SKU-0075
ITM-00000797	ORD-001316	SKU-0056	2	2 x SKU-0056
ITM-00000798	ORD-001317	SKU-0013	1	1 x SKU-0013
ITM-00000799	ORD-001318	SKU-0008	5	5 x SKU-0008
ITM-00000800	ORD-001318	SKU-0031	4	4 x SKU-0031
ITM-00000801	ORD-001318	SKU-0048	3	3 x SKU-0048
ITM-00000802	ORD-001319	SKU-0028	5	5 x SKU-0028
ITM-00000803	ORD-001320	SKU-0080	3	3 x SKU-0080
ITM-00000804	ORD-001320	SKU-0065	3	3 x SKU-0065
ITM-00000805	ORD-001320	SKU-0044	3	3 x SKU-0044
ITM-00000806	ORD-001321	SKU-0056	4	4 x SKU-0056
ITM-00000807	ORD-001321	SKU-0060	3	3 x SKU-0060
ITM-00000808	ORD-001321	SKU-0009	2	2 x SKU-0009
ITM-00000809	ORD-001322	SKU-0057	4	4 x SKU-0057
ITM-00000810	ORD-001323	SKU-0066	3	3 x SKU-0066
ITM-00000811	ORD-001324	SKU-0011	3	3 x SKU-0011
ITM-00000812	ORD-001324	SKU-0047	3	3 x SKU-0047
ITM-00000813	ORD-001324	SKU-0034	2	2 x SKU-0034
ITM-00000814	ORD-001325	SKU-0077	4	4 x SKU-0077
ITM-00000815	ORD-001325	SKU-0044	4	4 x SKU-0044
ITM-00000816	ORD-001325	SKU-0023	2	2 x SKU-0023
ITM-00000817	ORD-001325	SKU-0048	3	3 x SKU-0048
ITM-00000818	ORD-001326	SKU-0001	4	4 x SKU-0001
ITM-00000819	ORD-001326	SKU-0057	2	2 x SKU-0057
ITM-00000820	ORD-001327	SKU-0044	3	3 x SKU-0044
ITM-00000821	ORD-001328	SKU-0031	3	3 x SKU-0031
ITM-00000822	ORD-001329	SKU-0002	1	1 x SKU-0002
ITM-00000823	ORD-001329	SKU-0006	1	1 x SKU-0006
ITM-00000824	ORD-001329	SKU-0025	2	2 x SKU-0025
ITM-00000825	ORD-001330	SKU-0058	5	5 x SKU-0058
ITM-00000826	ORD-001330	SKU-0053	4	4 x SKU-0053
ITM-00000827	ORD-001330	SKU-0029	1	1 x SKU-0029
ITM-00000828	ORD-001330	SKU-0049	1	1 x SKU-0049
ITM-00000829	ORD-001331	SKU-0011	4	4 x SKU-0011
ITM-00000830	ORD-001332	SKU-0066	2	2 x SKU-0066
ITM-00000831	ORD-001332	SKU-0048	2	2 x SKU-0048
ITM-00000832	ORD-001333	SKU-0071	5	5 x SKU-0071
ITM-00000833	ORD-001333	SKU-0012	4	4 x SKU-0012
ITM-00000834	ORD-001334	SKU-0031	3	3 x SKU-0031
ITM-00000835	ORD-001334	SKU-0001	5	5 x SKU-0001
ITM-00000836	ORD-001334	SKU-0077	3	3 x SKU-0077
ITM-00000837	ORD-001334	SKU-0021	2	2 x SKU-0021
ITM-00000838	ORD-001335	SKU-0078	2	2 x SKU-0078
ITM-00000839	ORD-001335	SKU-0017	2	2 x SKU-0017
ITM-00000840	ORD-001336	SKU-0026	4	4 x SKU-0026
ITM-00000841	ORD-001337	SKU-0043	3	3 x SKU-0043
ITM-00000842	ORD-001338	SKU-0029	2	2 x SKU-0029
ITM-00000843	ORD-001338	SKU-0032	1	1 x SKU-0032
ITM-00000844	ORD-001338	SKU-0075	3	3 x SKU-0075
ITM-00000845	ORD-001338	SKU-0001	3	3 x SKU-0001
ITM-00000846	ORD-001339	SKU-0034	3	3 x SKU-0034
ITM-00000847	ORD-001339	SKU-0021	3	3 x SKU-0021
ITM-00000848	ORD-001340	SKU-0010	4	4 x SKU-0010
ITM-00000849	ORD-001340	SKU-0077	4	4 x SKU-0077
ITM-00000850	ORD-001341	SKU-0044	5	5 x SKU-0044
ITM-00000851	ORD-001342	SKU-0039	1	1 x SKU-0039
ITM-00000852	ORD-001343	SKU-0051	5	5 x SKU-0051
ITM-00000853	ORD-001344	SKU-0043	2	2 x SKU-0043
ITM-00000854	ORD-001345	SKU-0056	2	2 x SKU-0056
ITM-00000855	ORD-001345	SKU-0078	5	5 x SKU-0078
ITM-00000856	ORD-001346	SKU-0072	1	1 x SKU-0072
ITM-00000857	ORD-001347	SKU-0074	3	3 x SKU-0074
ITM-00000858	ORD-001347	SKU-0055	3	3 x SKU-0055
ITM-00000859	ORD-001347	SKU-0037	5	5 x SKU-0037
ITM-00000860	ORD-001348	SKU-0072	3	3 x SKU-0072
ITM-00000861	ORD-001348	SKU-0051	2	2 x SKU-0051
ITM-00000862	ORD-001348	SKU-0012	5	5 x SKU-0012
ITM-00000863	ORD-001349	SKU-0055	3	3 x SKU-0055
ITM-00000864	ORD-001349	SKU-0050	5	5 x SKU-0050
ITM-00000865	ORD-001350	SKU-0038	3	3 x SKU-0038
ITM-00000866	ORD-001351	SKU-0041	2	2 x SKU-0041
ITM-00000867	ORD-001351	SKU-0034	4	4 x SKU-0034
ITM-00000868	ORD-001352	SKU-0034	2	2 x SKU-0034
ITM-00000869	ORD-001352	SKU-0010	2	2 x SKU-0010
ITM-00000870	ORD-001353	SKU-0058	2	2 x SKU-0058
ITM-00000871	ORD-001353	SKU-0007	1	1 x SKU-0007
ITM-00000872	ORD-001353	SKU-0064	3	3 x SKU-0064
ITM-00000873	ORD-001354	SKU-0065	3	3 x SKU-0065
ITM-00000874	ORD-001354	SKU-0054	5	5 x SKU-0054
ITM-00000875	ORD-001355	SKU-0017	5	5 x SKU-0017
ITM-00000876	ORD-001355	SKU-0057	4	4 x SKU-0057
ITM-00000877	ORD-001356	SKU-0063	1	1 x SKU-0063
ITM-00000878	ORD-001356	SKU-0063	4	4 x SKU-0063
ITM-00000879	ORD-001356	SKU-0067	5	5 x SKU-0067
ITM-00000880	ORD-001356	SKU-0023	3	3 x SKU-0023
ITM-00000881	ORD-001357	SKU-0004	4	4 x SKU-0004
ITM-00000882	ORD-001357	SKU-0065	1	1 x SKU-0065
ITM-00000883	ORD-001357	SKU-0024	3	3 x SKU-0024
ITM-00000884	ORD-001357	SKU-0039	3	3 x SKU-0039
ITM-00000885	ORD-001358	SKU-0038	4	4 x SKU-0038
ITM-00000886	ORD-001358	SKU-0033	2	2 x SKU-0033
ITM-00000887	ORD-001359	SKU-0020	2	2 x SKU-0020
ITM-00000888	ORD-001359	SKU-0066	2	2 x SKU-0066
ITM-00000889	ORD-001360	SKU-0004	4	4 x SKU-0004
ITM-00000890	ORD-001360	SKU-0060	1	1 x SKU-0060
ITM-00000891	ORD-001361	SKU-0020	4	4 x SKU-0020
ITM-00000892	ORD-001362	SKU-0014	5	5 x SKU-0014
ITM-00000893	ORD-001362	SKU-0018	3	3 x SKU-0018
ITM-00000894	ORD-001362	SKU-0001	1	1 x SKU-0001
ITM-00000895	ORD-001362	SKU-0031	3	3 x SKU-0031
ITM-00000896	ORD-001363	SKU-0059	3	3 x SKU-0059
ITM-00000897	ORD-001363	SKU-0050	5	5 x SKU-0050
ITM-00000898	ORD-001363	SKU-0009	1	1 x SKU-0009
ITM-00000899	ORD-001364	SKU-0076	2	2 x SKU-0076
ITM-00000900	ORD-001364	SKU-0024	4	4 x SKU-0024
ITM-00000901	ORD-001364	SKU-0025	5	5 x SKU-0025
ITM-00000902	ORD-001364	SKU-0048	5	5 x SKU-0048
ITM-00000903	ORD-001365	SKU-0060	3	3 x SKU-0060
ITM-00000904	ORD-001366	SKU-0004	1	1 x SKU-0004
ITM-00000905	ORD-001367	SKU-0036	1	1 x SKU-0036
ITM-00000906	ORD-001367	SKU-0071	5	5 x SKU-0071
ITM-00000907	ORD-001367	SKU-0041	4	4 x SKU-0041
ITM-00000908	ORD-001367	SKU-0055	2	2 x SKU-0055
ITM-00000909	ORD-001368	SKU-0004	2	2 x SKU-0004
ITM-00000910	ORD-001368	SKU-0077	5	5 x SKU-0077
ITM-00000911	ORD-001368	SKU-0059	3	3 x SKU-0059
ITM-00000912	ORD-001368	SKU-0013	2	2 x SKU-0013
ITM-00000913	ORD-001369	SKU-0062	5	5 x SKU-0062
ITM-00000914	ORD-001369	SKU-0010	4	4 x SKU-0010
ITM-00000915	ORD-001369	SKU-0007	4	4 x SKU-0007
ITM-00000916	ORD-001369	SKU-0011	3	3 x SKU-0011
ITM-00000917	ORD-001370	SKU-0005	1	1 x SKU-0005
ITM-00000918	ORD-001370	SKU-0049	1	1 x SKU-0049
ITM-00000919	ORD-001371	SKU-0025	3	3 x SKU-0025
ITM-00000920	ORD-001371	SKU-0063	2	2 x SKU-0063
ITM-00000921	ORD-001371	SKU-0002	5	5 x SKU-0002
ITM-00000922	ORD-001371	SKU-0060	3	3 x SKU-0060
ITM-00000923	ORD-001372	SKU-0022	4	4 x SKU-0022
ITM-00000924	ORD-001372	SKU-0013	4	4 x SKU-0013
ITM-00000925	ORD-001372	SKU-0062	5	5 x SKU-0062
ITM-00000926	ORD-001372	SKU-0061	4	4 x SKU-0061
ITM-00000927	ORD-001373	SKU-0074	3	3 x SKU-0074
ITM-00000928	ORD-001373	SKU-0041	3	3 x SKU-0041
ITM-00000929	ORD-001373	SKU-0015	5	5 x SKU-0015
ITM-00000930	ORD-001374	SKU-0045	2	2 x SKU-0045
ITM-00000931	ORD-001375	SKU-0066	5	5 x SKU-0066
ITM-00000932	ORD-001376	SKU-0025	2	2 x SKU-0025
ITM-00000933	ORD-001376	SKU-0038	1	1 x SKU-0038
ITM-00000934	ORD-001376	SKU-0057	2	2 x SKU-0057
ITM-00000935	ORD-001377	SKU-0037	4	4 x SKU-0037
ITM-00000936	ORD-001377	SKU-0036	5	5 x SKU-0036
ITM-00000937	ORD-001377	SKU-0025	3	3 x SKU-0025
ITM-00000938	ORD-001377	SKU-0066	1	1 x SKU-0066
ITM-00000939	ORD-001378	SKU-0036	1	1 x SKU-0036
ITM-00000940	ORD-001378	SKU-0033	2	2 x SKU-0033
ITM-00000941	ORD-001379	SKU-0008	2	2 x SKU-0008
ITM-00000942	ORD-001379	SKU-0038	5	5 x SKU-0038
ITM-00000943	ORD-001379	SKU-0050	2	2 x SKU-0050
ITM-00000944	ORD-001379	SKU-0071	3	3 x SKU-0071
ITM-00000945	ORD-001380	SKU-0053	4	4 x SKU-0053
ITM-00000946	ORD-001381	SKU-0039	5	5 x SKU-0039
ITM-00000947	ORD-001381	SKU-0027	4	4 x SKU-0027
ITM-00000948	ORD-001381	SKU-0049	5	5 x SKU-0049
ITM-00000949	ORD-001381	SKU-0030	5	5 x SKU-0030
ITM-00000950	ORD-001382	SKU-0067	3	3 x SKU-0067
ITM-00000951	ORD-001383	SKU-0063	1	1 x SKU-0063
ITM-00000952	ORD-001383	SKU-0022	5	5 x SKU-0022
ITM-00000953	ORD-001383	SKU-0062	1	1 x SKU-0062
ITM-00000954	ORD-001384	SKU-0071	2	2 x SKU-0071
ITM-00000955	ORD-001384	SKU-0065	4	4 x SKU-0065
ITM-00000956	ORD-001384	SKU-0020	1	1 x SKU-0020
ITM-00000957	ORD-001384	SKU-0019	2	2 x SKU-0019
ITM-00000958	ORD-001385	SKU-0036	1	1 x SKU-0036
ITM-00000959	ORD-001385	SKU-0056	5	5 x SKU-0056
ITM-00000960	ORD-001385	SKU-0079	2	2 x SKU-0079
ITM-00000961	ORD-001385	SKU-0051	2	2 x SKU-0051
ITM-00000962	ORD-001386	SKU-0061	3	3 x SKU-0061
ITM-00000963	ORD-001386	SKU-0017	2	2 x SKU-0017
ITM-00000964	ORD-001386	SKU-0069	4	4 x SKU-0069
ITM-00000965	ORD-001386	SKU-0016	3	3 x SKU-0016
ITM-00000966	ORD-001387	SKU-0019	2	2 x SKU-0019
ITM-00000967	ORD-001388	SKU-0056	2	2 x SKU-0056
ITM-00000968	ORD-001388	SKU-0069	4	4 x SKU-0069
ITM-00000969	ORD-001388	SKU-0076	2	2 x SKU-0076
ITM-00000970	ORD-001389	SKU-0001	5	5 x SKU-0001
ITM-00000971	ORD-001389	SKU-0051	5	5 x SKU-0051
ITM-00000972	ORD-001389	SKU-0026	4	4 x SKU-0026
ITM-00000973	ORD-001390	SKU-0054	3	3 x SKU-0054
ITM-00000974	ORD-001391	SKU-0060	5	5 x SKU-0060
ITM-00000975	ORD-001392	SKU-0049	2	2 x SKU-0049
ITM-00000976	ORD-001392	SKU-0070	5	5 x SKU-0070
ITM-00000977	ORD-001392	SKU-0015	2	2 x SKU-0015
ITM-00000978	ORD-001393	SKU-0035	2	2 x SKU-0035
ITM-00000979	ORD-001393	SKU-0059	4	4 x SKU-0059
ITM-00000980	ORD-001393	SKU-0048	1	1 x SKU-0048
ITM-00000981	ORD-001393	SKU-0048	2	2 x SKU-0048
ITM-00000982	ORD-001394	SKU-0029	1	1 x SKU-0029
ITM-00000983	ORD-001394	SKU-0030	3	3 x SKU-0030
ITM-00000984	ORD-001394	SKU-0006	1	1 x SKU-0006
ITM-00000985	ORD-001394	SKU-0004	2	2 x SKU-0004
ITM-00000986	ORD-001395	SKU-0074	2	2 x SKU-0074
ITM-00000987	ORD-001395	SKU-0067	5	5 x SKU-0067
ITM-00000988	ORD-001396	SKU-0036	2	2 x SKU-0036
ITM-00000989	ORD-001396	SKU-0048	4	4 x SKU-0048
ITM-00000990	ORD-001396	SKU-0018	3	3 x SKU-0018
ITM-00000991	ORD-001396	SKU-0015	5	5 x SKU-0015
ITM-00000992	ORD-001397	SKU-0034	3	3 x SKU-0034
ITM-00000993	ORD-001397	SKU-0011	4	4 x SKU-0011
ITM-00000994	ORD-001398	SKU-0052	1	1 x SKU-0052
ITM-00000995	ORD-001399	SKU-0025	5	5 x SKU-0025
ITM-00000996	ORD-001399	SKU-0072	1	1 x SKU-0072
ITM-00000997	ORD-001400	SKU-0059	1	1 x SKU-0059
ITM-00000998	ORD-001401	SKU-0015	3	3 x SKU-0015
ITM-00000999	ORD-001401	SKU-0066	5	5 x SKU-0066
ITM-00001000	ORD-001401	SKU-0073	4	4 x SKU-0073
ITM-00001001	ORD-001401	SKU-0013	3	3 x SKU-0013
ITM-00001002	ORD-001402	SKU-0043	1	1 x SKU-0043
ITM-00001003	ORD-001402	SKU-0062	4	4 x SKU-0062
ITM-00001004	ORD-001402	SKU-0003	1	1 x SKU-0003
ITM-00001005	ORD-001402	SKU-0033	3	3 x SKU-0033
ITM-00001006	ORD-001403	SKU-0064	3	3 x SKU-0064
ITM-00001007	ORD-001404	SKU-0071	2	2 x SKU-0071
ITM-00001008	ORD-001404	SKU-0028	1	1 x SKU-0028
ITM-00001009	ORD-001404	SKU-0039	5	5 x SKU-0039
ITM-00001010	ORD-001404	SKU-0004	4	4 x SKU-0004
ITM-00001011	ORD-001405	SKU-0071	3	3 x SKU-0071
ITM-00001012	ORD-001405	SKU-0072	3	3 x SKU-0072
ITM-00001013	ORD-001406	SKU-0042	4	4 x SKU-0042
ITM-00001014	ORD-001406	SKU-0045	3	3 x SKU-0045
ITM-00001015	ORD-001406	SKU-0005	1	1 x SKU-0005
ITM-00001016	ORD-001406	SKU-0002	2	2 x SKU-0002
ITM-00001017	ORD-001407	SKU-0031	1	1 x SKU-0031
ITM-00001018	ORD-001407	SKU-0016	2	2 x SKU-0016
ITM-00001019	ORD-001407	SKU-0038	5	5 x SKU-0038
ITM-00001020	ORD-001407	SKU-0077	1	1 x SKU-0077
ITM-00001021	ORD-001408	SKU-0009	1	1 x SKU-0009
ITM-00001022	ORD-001409	SKU-0052	3	3 x SKU-0052
ITM-00001023	ORD-001410	SKU-0017	2	2 x SKU-0017
ITM-00001024	ORD-001411	SKU-0014	2	2 x SKU-0014
ITM-00001025	ORD-001411	SKU-0080	1	1 x SKU-0080
ITM-00001026	ORD-001412	SKU-0076	3	3 x SKU-0076
ITM-00001027	ORD-001412	SKU-0059	3	3 x SKU-0059
ITM-00001028	ORD-001413	SKU-0073	5	5 x SKU-0073
ITM-00001029	ORD-001413	SKU-0065	1	1 x SKU-0065
ITM-00001030	ORD-001413	SKU-0080	5	5 x SKU-0080
ITM-00001031	ORD-001413	SKU-0004	2	2 x SKU-0004
ITM-00001032	ORD-001414	SKU-0016	1	1 x SKU-0016
ITM-00001033	ORD-001414	SKU-0039	3	3 x SKU-0039
ITM-00001034	ORD-001415	SKU-0040	1	1 x SKU-0040
ITM-00001035	ORD-001416	SKU-0074	2	2 x SKU-0074
ITM-00001036	ORD-001416	SKU-0019	2	2 x SKU-0019
ITM-00001037	ORD-001416	SKU-0018	5	5 x SKU-0018
ITM-00001038	ORD-001416	SKU-0067	4	4 x SKU-0067
ITM-00001039	ORD-001417	SKU-0051	4	4 x SKU-0051
ITM-00001040	ORD-001417	SKU-0065	2	2 x SKU-0065
ITM-00001041	ORD-001417	SKU-0059	2	2 x SKU-0059
ITM-00001042	ORD-001418	SKU-0027	5	5 x SKU-0027
ITM-00001043	ORD-001419	SKU-0007	3	3 x SKU-0007
ITM-00001044	ORD-001419	SKU-0039	5	5 x SKU-0039
ITM-00001045	ORD-001420	SKU-0042	1	1 x SKU-0042
ITM-00001046	ORD-001421	SKU-0024	2	2 x SKU-0024
ITM-00001047	ORD-001422	SKU-0051	2	2 x SKU-0051
ITM-00001048	ORD-001422	SKU-0048	2	2 x SKU-0048
ITM-00001049	ORD-001422	SKU-0069	5	5 x SKU-0069
ITM-00001050	ORD-001423	SKU-0030	1	1 x SKU-0030
ITM-00001051	ORD-001423	SKU-0048	3	3 x SKU-0048
ITM-00001052	ORD-001423	SKU-0065	5	5 x SKU-0065
ITM-00001053	ORD-001424	SKU-0011	2	2 x SKU-0011
ITM-00001054	ORD-001424	SKU-0050	3	3 x SKU-0050
ITM-00001055	ORD-001424	SKU-0049	3	3 x SKU-0049
ITM-00001056	ORD-001424	SKU-0071	1	1 x SKU-0071
ITM-00001057	ORD-001425	SKU-0037	2	2 x SKU-0037
ITM-00001058	ORD-001425	SKU-0079	3	3 x SKU-0079
ITM-00001059	ORD-001426	SKU-0037	2	2 x SKU-0037
ITM-00001060	ORD-001426	SKU-0073	4	4 x SKU-0073
ITM-00001061	ORD-001426	SKU-0028	2	2 x SKU-0028
ITM-00001062	ORD-001427	SKU-0004	5	5 x SKU-0004
ITM-00001063	ORD-001427	SKU-0022	3	3 x SKU-0022
ITM-00001064	ORD-001428	SKU-0074	1	1 x SKU-0074
ITM-00001065	ORD-001428	SKU-0004	3	3 x SKU-0004
ITM-00001066	ORD-001428	SKU-0036	2	2 x SKU-0036
ITM-00001067	ORD-001429	SKU-0074	3	3 x SKU-0074
ITM-00001068	ORD-001430	SKU-0062	5	5 x SKU-0062
ITM-00001069	ORD-001431	SKU-0073	4	4 x SKU-0073
ITM-00001070	ORD-001431	SKU-0078	5	5 x SKU-0078
ITM-00001071	ORD-001432	SKU-0070	3	3 x SKU-0070
ITM-00001072	ORD-001432	SKU-0001	5	5 x SKU-0001
ITM-00001073	ORD-001433	SKU-0072	2	2 x SKU-0072
ITM-00001074	ORD-001433	SKU-0007	3	3 x SKU-0007
ITM-00001075	ORD-001433	SKU-0075	1	1 x SKU-0075
ITM-00001076	ORD-001433	SKU-0019	4	4 x SKU-0019
ITM-00001077	ORD-001434	SKU-0030	3	3 x SKU-0030
ITM-00001078	ORD-001435	SKU-0080	2	2 x SKU-0080
ITM-00001079	ORD-001435	SKU-0013	1	1 x SKU-0013
ITM-00001080	ORD-001435	SKU-0007	5	5 x SKU-0007
ITM-00001081	ORD-001436	SKU-0044	1	1 x SKU-0044
ITM-00001082	ORD-001436	SKU-0033	5	5 x SKU-0033
ITM-00001083	ORD-001436	SKU-0044	3	3 x SKU-0044
ITM-00001084	ORD-001437	SKU-0059	3	3 x SKU-0059
ITM-00001085	ORD-001437	SKU-0079	5	5 x SKU-0079
ITM-00001086	ORD-001437	SKU-0080	2	2 x SKU-0080
ITM-00001087	ORD-001437	SKU-0007	5	5 x SKU-0007
ITM-00001088	ORD-001438	SKU-0047	2	2 x SKU-0047
ITM-00001089	ORD-001438	SKU-0036	4	4 x SKU-0036
ITM-00001090	ORD-001439	SKU-0034	3	3 x SKU-0034
ITM-00001091	ORD-001439	SKU-0040	5	5 x SKU-0040
ITM-00001092	ORD-001439	SKU-0065	3	3 x SKU-0065
ITM-00001093	ORD-001440	SKU-0034	5	5 x SKU-0034
ITM-00001094	ORD-001441	SKU-0069	5	5 x SKU-0069
ITM-00001095	ORD-001441	SKU-0029	4	4 x SKU-0029
ITM-00001096	ORD-001441	SKU-0001	4	4 x SKU-0001
ITM-00001097	ORD-001441	SKU-0031	4	4 x SKU-0031
ITM-00001098	ORD-001442	SKU-0012	1	1 x SKU-0012
ITM-00001099	ORD-001442	SKU-0024	3	3 x SKU-0024
ITM-00001100	ORD-001443	SKU-0073	1	1 x SKU-0073
ITM-00001101	ORD-001443	SKU-0063	4	4 x SKU-0063
ITM-00001102	ORD-001444	SKU-0008	5	5 x SKU-0008
ITM-00001103	ORD-001444	SKU-0006	1	1 x SKU-0006
ITM-00001104	ORD-001444	SKU-0006	5	5 x SKU-0006
ITM-00001105	ORD-001444	SKU-0004	1	1 x SKU-0004
ITM-00001106	ORD-001445	SKU-0030	3	3 x SKU-0030
ITM-00001107	ORD-001445	SKU-0080	4	4 x SKU-0080
ITM-00001108	ORD-001445	SKU-0012	4	4 x SKU-0012
ITM-00001109	ORD-001445	SKU-0029	3	3 x SKU-0029
ITM-00001110	ORD-001446	SKU-0047	5	5 x SKU-0047
ITM-00001111	ORD-001447	SKU-0019	5	5 x SKU-0019
ITM-00001112	ORD-001447	SKU-0014	1	1 x SKU-0014
ITM-00001113	ORD-001448	SKU-0054	4	4 x SKU-0054
ITM-00001114	ORD-001449	SKU-0068	4	4 x SKU-0068
ITM-00001115	ORD-001450	SKU-0033	2	2 x SKU-0033
ITM-00001116	ORD-001450	SKU-0065	4	4 x SKU-0065
ITM-00001117	ORD-001451	SKU-0042	3	3 x SKU-0042
ITM-00001118	ORD-001451	SKU-0047	1	1 x SKU-0047
ITM-00001119	ORD-001452	SKU-0005	3	3 x SKU-0005
ITM-00001120	ORD-001452	SKU-0006	4	4 x SKU-0006
ITM-00001121	ORD-001453	SKU-0001	5	5 x SKU-0001
ITM-00001122	ORD-001453	SKU-0059	2	2 x SKU-0059
ITM-00001123	ORD-001453	SKU-0046	2	2 x SKU-0046
ITM-00001124	ORD-001453	SKU-0013	2	2 x SKU-0013
ITM-00001125	ORD-001454	SKU-0039	4	4 x SKU-0039
ITM-00001126	ORD-001454	SKU-0056	4	4 x SKU-0056
ITM-00001127	ORD-001455	SKU-0079	1	1 x SKU-0079
ITM-00001128	ORD-001455	SKU-0014	5	5 x SKU-0014
ITM-00001129	ORD-001455	SKU-0041	2	2 x SKU-0041
ITM-00001130	ORD-001455	SKU-0021	5	5 x SKU-0021
ITM-00001131	ORD-001456	SKU-0031	2	2 x SKU-0031
ITM-00001132	ORD-001456	SKU-0037	1	1 x SKU-0037
ITM-00001133	ORD-001457	SKU-0016	3	3 x SKU-0016
ITM-00001134	ORD-001458	SKU-0043	4	4 x SKU-0043
ITM-00001135	ORD-001458	SKU-0023	4	4 x SKU-0023
ITM-00001136	ORD-001458	SKU-0034	1	1 x SKU-0034
ITM-00001137	ORD-001458	SKU-0042	5	5 x SKU-0042
ITM-00001138	ORD-001459	SKU-0018	4	4 x SKU-0018
ITM-00001139	ORD-001459	SKU-0004	3	3 x SKU-0004
ITM-00001140	ORD-001460	SKU-0023	3	3 x SKU-0023
ITM-00001141	ORD-001461	SKU-0004	1	1 x SKU-0004
ITM-00001142	ORD-001462	SKU-0016	3	3 x SKU-0016
ITM-00001143	ORD-001462	SKU-0048	1	1 x SKU-0048
ITM-00001144	ORD-001462	SKU-0059	1	1 x SKU-0059
ITM-00001145	ORD-001463	SKU-0043	3	3 x SKU-0043
ITM-00001146	ORD-001463	SKU-0058	3	3 x SKU-0058
ITM-00001147	ORD-001463	SKU-0074	4	4 x SKU-0074
ITM-00001148	ORD-001464	SKU-0047	5	5 x SKU-0047
ITM-00001149	ORD-001464	SKU-0007	5	5 x SKU-0007
ITM-00001150	ORD-001464	SKU-0072	2	2 x SKU-0072
ITM-00001151	ORD-001465	SKU-0034	4	4 x SKU-0034
ITM-00001152	ORD-001465	SKU-0015	5	5 x SKU-0015
ITM-00001153	ORD-001466	SKU-0072	4	4 x SKU-0072
ITM-00001154	ORD-001466	SKU-0056	3	3 x SKU-0056
ITM-00001155	ORD-001466	SKU-0060	4	4 x SKU-0060
ITM-00001156	ORD-001467	SKU-0070	2	2 x SKU-0070
ITM-00001157	ORD-001468	SKU-0033	2	2 x SKU-0033
ITM-00001158	ORD-001468	SKU-0071	2	2 x SKU-0071
ITM-00001159	ORD-001468	SKU-0019	3	3 x SKU-0019
ITM-00001160	ORD-001468	SKU-0061	4	4 x SKU-0061
ITM-00001161	ORD-001469	SKU-0041	5	5 x SKU-0041
ITM-00001162	ORD-001469	SKU-0002	5	5 x SKU-0002
ITM-00001163	ORD-001469	SKU-0027	4	4 x SKU-0027
ITM-00001164	ORD-001469	SKU-0048	2	2 x SKU-0048
ITM-00001165	ORD-001470	SKU-0054	3	3 x SKU-0054
ITM-00001166	ORD-001470	SKU-0076	5	5 x SKU-0076
ITM-00001167	ORD-001470	SKU-0018	2	2 x SKU-0018
ITM-00001168	ORD-001471	SKU-0045	1	1 x SKU-0045
ITM-00001169	ORD-001471	SKU-0008	1	1 x SKU-0008
ITM-00001170	ORD-001472	SKU-0017	4	4 x SKU-0017
ITM-00001171	ORD-001473	SKU-0078	1	1 x SKU-0078
ITM-00001172	ORD-001473	SKU-0012	1	1 x SKU-0012
ITM-00001173	ORD-001473	SKU-0056	2	2 x SKU-0056
ITM-00001174	ORD-001473	SKU-0016	4	4 x SKU-0016
ITM-00001175	ORD-001474	SKU-0038	3	3 x SKU-0038
ITM-00001176	ORD-001474	SKU-0064	4	4 x SKU-0064
ITM-00001177	ORD-001474	SKU-0052	1	1 x SKU-0052
ITM-00001178	ORD-001474	SKU-0077	2	2 x SKU-0077
ITM-00001179	ORD-001475	SKU-0047	5	5 x SKU-0047
ITM-00001180	ORD-001476	SKU-0052	5	5 x SKU-0052
ITM-00001181	ORD-001476	SKU-0038	3	3 x SKU-0038
ITM-00001182	ORD-001476	SKU-0067	5	5 x SKU-0067
ITM-00001183	ORD-001477	SKU-0023	3	3 x SKU-0023
ITM-00001184	ORD-001477	SKU-0069	2	2 x SKU-0069
ITM-00001185	ORD-001477	SKU-0070	4	4 x SKU-0070
ITM-00001186	ORD-001477	SKU-0008	2	2 x SKU-0008
ITM-00001187	ORD-001478	SKU-0061	5	5 x SKU-0061
ITM-00001188	ORD-001478	SKU-0035	2	2 x SKU-0035
ITM-00001189	ORD-001478	SKU-0076	3	3 x SKU-0076
ITM-00001190	ORD-001479	SKU-0014	1	1 x SKU-0014
ITM-00001191	ORD-001479	SKU-0038	3	3 x SKU-0038
ITM-00001192	ORD-001480	SKU-0038	2	2 x SKU-0038
ITM-00001193	ORD-001480	SKU-0040	1	1 x SKU-0040
ITM-00001194	ORD-001480	SKU-0076	4	4 x SKU-0076
ITM-00001195	ORD-001481	SKU-0069	2	2 x SKU-0069
ITM-00001196	ORD-001481	SKU-0005	4	4 x SKU-0005
ITM-00001197	ORD-001482	SKU-0020	4	4 x SKU-0020
ITM-00001198	ORD-001482	SKU-0027	1	1 x SKU-0027
ITM-00001199	ORD-001483	SKU-0022	3	3 x SKU-0022
ITM-00001200	ORD-001483	SKU-0013	2	2 x SKU-0013
ITM-00001201	ORD-001484	SKU-0078	3	3 x SKU-0078
ITM-00001202	ORD-001484	SKU-0040	2	2 x SKU-0040
ITM-00001203	ORD-001485	SKU-0026	5	5 x SKU-0026
ITM-00001204	ORD-001486	SKU-0033	2	2 x SKU-0033
ITM-00001205	ORD-001486	SKU-0044	4	4 x SKU-0044
ITM-00001206	ORD-001486	SKU-0040	3	3 x SKU-0040
ITM-00001207	ORD-001486	SKU-0013	1	1 x SKU-0013
ITM-00001208	ORD-001487	SKU-0049	5	5 x SKU-0049
ITM-00001209	ORD-001487	SKU-0061	4	4 x SKU-0061
ITM-00001210	ORD-001488	SKU-0037	1	1 x SKU-0037
ITM-00001211	ORD-001488	SKU-0072	2	2 x SKU-0072
ITM-00001212	ORD-001489	SKU-0061	2	2 x SKU-0061
ITM-00001213	ORD-001489	SKU-0021	1	1 x SKU-0021
ITM-00001214	ORD-001490	SKU-0032	4	4 x SKU-0032
ITM-00001215	ORD-001490	SKU-0022	1	1 x SKU-0022
ITM-00001216	ORD-001491	SKU-0008	4	4 x SKU-0008
ITM-00001217	ORD-001492	SKU-0031	2	2 x SKU-0031
ITM-00001218	ORD-001492	SKU-0025	2	2 x SKU-0025
ITM-00001219	ORD-001492	SKU-0074	4	4 x SKU-0074
ITM-00001220	ORD-001493	SKU-0030	1	1 x SKU-0030
ITM-00001221	ORD-001493	SKU-0079	2	2 x SKU-0079
ITM-00001222	ORD-001494	SKU-0071	5	5 x SKU-0071
ITM-00001223	ORD-001495	SKU-0011	5	5 x SKU-0011
ITM-00001224	ORD-001496	SKU-0039	5	5 x SKU-0039
ITM-00001225	ORD-001496	SKU-0045	5	5 x SKU-0045
ITM-00001226	ORD-001496	SKU-0040	2	2 x SKU-0040
ITM-00001227	ORD-001496	SKU-0014	1	1 x SKU-0014
ITM-00001228	ORD-001497	SKU-0001	3	3 x SKU-0001
ITM-00001229	ORD-001497	SKU-0023	4	4 x SKU-0023
ITM-00001230	ORD-001497	SKU-0049	1	1 x SKU-0049
ITM-00001231	ORD-001498	SKU-0069	4	4 x SKU-0069
ITM-00001232	ORD-001499	SKU-0015	5	5 x SKU-0015
ITM-00001233	ORD-001499	SKU-0070	4	4 x SKU-0070
ITM-00001234	ORD-001499	SKU-0068	4	4 x SKU-0068
ITM-00001235	ORD-001499	SKU-0056	4	4 x SKU-0056
ITM-00001236	ORD-001500	SKU-0066	4	4 x SKU-0066
ITM-00001237	ORD-001500	SKU-0028	1	1 x SKU-0028
ITM-00001238	ORD-001500	SKU-0075	1	1 x SKU-0075
ITM-00001239	ORD-001501	SKU-0002	5	5 x SKU-0002
ITM-00001240	ORD-001501	SKU-0057	5	5 x SKU-0057
ITM-00001241	ORD-001502	SKU-0071	4	4 x SKU-0071
ITM-00001242	ORD-001502	SKU-0073	2	2 x SKU-0073
ITM-00001243	ORD-001502	SKU-0034	4	4 x SKU-0034
ITM-00001244	ORD-001502	SKU-0037	5	5 x SKU-0037
ITM-00001245	ORD-001503	SKU-0022	1	1 x SKU-0022
ITM-00001246	ORD-001503	SKU-0004	4	4 x SKU-0004
ITM-00001247	ORD-001504	SKU-0026	4	4 x SKU-0026
ITM-00001248	ORD-001505	SKU-0059	4	4 x SKU-0059
ITM-00001249	ORD-001506	SKU-0038	1	1 x SKU-0038
ITM-00001250	ORD-001506	SKU-0006	1	1 x SKU-0006
ITM-00001251	ORD-001507	SKU-0079	3	3 x SKU-0079
ITM-00001252	ORD-001507	SKU-0027	3	3 x SKU-0027
ITM-00001253	ORD-001507	SKU-0031	4	4 x SKU-0031
ITM-00001254	ORD-001507	SKU-0073	5	5 x SKU-0073
ITM-00001255	ORD-001508	SKU-0040	2	2 x SKU-0040
ITM-00001256	ORD-001509	SKU-0010	5	5 x SKU-0010
ITM-00001257	ORD-001510	SKU-0063	2	2 x SKU-0063
ITM-00001258	ORD-001511	SKU-0040	1	1 x SKU-0040
ITM-00001259	ORD-001511	SKU-0046	3	3 x SKU-0046
ITM-00001260	ORD-001511	SKU-0042	2	2 x SKU-0042
ITM-00001261	ORD-001511	SKU-0013	1	1 x SKU-0013
ITM-00001262	ORD-001512	SKU-0008	1	1 x SKU-0008
ITM-00001263	ORD-001513	SKU-0023	4	4 x SKU-0023
ITM-00001264	ORD-001513	SKU-0058	5	5 x SKU-0058
ITM-00001265	ORD-001514	SKU-0069	1	1 x SKU-0069
ITM-00001266	ORD-001514	SKU-0069	3	3 x SKU-0069
ITM-00001267	ORD-001515	SKU-0051	4	4 x SKU-0051
ITM-00001268	ORD-001515	SKU-0072	3	3 x SKU-0072
ITM-00001269	ORD-001515	SKU-0053	1	1 x SKU-0053
ITM-00001270	ORD-001516	SKU-0023	5	5 x SKU-0023
ITM-00001271	ORD-001516	SKU-0070	5	5 x SKU-0070
ITM-00001272	ORD-001516	SKU-0022	5	5 x SKU-0022
ITM-00001273	ORD-001516	SKU-0039	2	2 x SKU-0039
ITM-00001274	ORD-001517	SKU-0021	3	3 x SKU-0021
ITM-00001275	ORD-001518	SKU-0018	1	1 x SKU-0018
ITM-00001276	ORD-001518	SKU-0044	5	5 x SKU-0044
ITM-00001277	ORD-001518	SKU-0017	5	5 x SKU-0017
ITM-00001278	ORD-001518	SKU-0075	1	1 x SKU-0075
ITM-00001279	ORD-001519	SKU-0052	3	3 x SKU-0052
ITM-00001280	ORD-001520	SKU-0024	1	1 x SKU-0024
ITM-00001281	ORD-001520	SKU-0052	3	3 x SKU-0052
ITM-00001282	ORD-001521	SKU-0028	2	2 x SKU-0028
ITM-00001283	ORD-001521	SKU-0041	1	1 x SKU-0041
ITM-00001284	ORD-001521	SKU-0022	3	3 x SKU-0022
ITM-00001285	ORD-001522	SKU-0024	5	5 x SKU-0024
ITM-00001286	ORD-001522	SKU-0080	4	4 x SKU-0080
ITM-00001287	ORD-001523	SKU-0015	1	1 x SKU-0015
ITM-00001288	ORD-001523	SKU-0019	2	2 x SKU-0019
ITM-00001289	ORD-001524	SKU-0055	1	1 x SKU-0055
ITM-00001290	ORD-001524	SKU-0058	4	4 x SKU-0058
ITM-00001291	ORD-001524	SKU-0005	5	5 x SKU-0005
ITM-00001292	ORD-001524	SKU-0013	1	1 x SKU-0013
ITM-00001293	ORD-001525	SKU-0070	1	1 x SKU-0070
ITM-00001294	ORD-001525	SKU-0032	4	4 x SKU-0032
ITM-00001295	ORD-001525	SKU-0045	4	4 x SKU-0045
ITM-00001296	ORD-001526	SKU-0068	1	1 x SKU-0068
ITM-00001297	ORD-001526	SKU-0020	5	5 x SKU-0020
ITM-00001298	ORD-001527	SKU-0079	3	3 x SKU-0079
ITM-00001299	ORD-001527	SKU-0030	2	2 x SKU-0030
ITM-00001300	ORD-001527	SKU-0005	1	1 x SKU-0005
ITM-00001301	ORD-001528	SKU-0064	2	2 x SKU-0064
ITM-00001302	ORD-001528	SKU-0007	5	5 x SKU-0007
ITM-00001303	ORD-001528	SKU-0007	1	1 x SKU-0007
ITM-00001304	ORD-001528	SKU-0071	2	2 x SKU-0071
ITM-00001305	ORD-001529	SKU-0020	3	3 x SKU-0020
ITM-00001306	ORD-001530	SKU-0045	5	5 x SKU-0045
ITM-00001307	ORD-001531	SKU-0068	2	2 x SKU-0068
ITM-00001308	ORD-001531	SKU-0005	4	4 x SKU-0005
ITM-00001309	ORD-001531	SKU-0061	5	5 x SKU-0061
ITM-00001310	ORD-001532	SKU-0077	4	4 x SKU-0077
ITM-00001311	ORD-001533	SKU-0080	3	3 x SKU-0080
ITM-00001312	ORD-001533	SKU-0039	5	5 x SKU-0039
ITM-00001313	ORD-001533	SKU-0077	4	4 x SKU-0077
ITM-00001314	ORD-001534	SKU-0077	1	1 x SKU-0077
ITM-00001315	ORD-001535	SKU-0069	2	2 x SKU-0069
ITM-00001316	ORD-001535	SKU-0069	5	5 x SKU-0069
ITM-00001317	ORD-001535	SKU-0017	4	4 x SKU-0017
ITM-00001318	ORD-001535	SKU-0055	4	4 x SKU-0055
ITM-00001319	ORD-001536	SKU-0004	2	2 x SKU-0004
ITM-00001320	ORD-001536	SKU-0018	5	5 x SKU-0018
ITM-00001321	ORD-001536	SKU-0041	5	5 x SKU-0041
ITM-00001322	ORD-001536	SKU-0063	2	2 x SKU-0063
ITM-00001323	ORD-001537	SKU-0048	4	4 x SKU-0048
ITM-00001324	ORD-001537	SKU-0064	2	2 x SKU-0064
ITM-00001325	ORD-001537	SKU-0059	4	4 x SKU-0059
ITM-00001326	ORD-001537	SKU-0003	4	4 x SKU-0003
ITM-00001327	ORD-001538	SKU-0073	1	1 x SKU-0073
ITM-00001328	ORD-001539	SKU-0038	1	1 x SKU-0038
ITM-00001329	ORD-001539	SKU-0002	2	2 x SKU-0002
ITM-00001330	ORD-001539	SKU-0021	5	5 x SKU-0021
ITM-00001331	ORD-001539	SKU-0065	4	4 x SKU-0065
ITM-00001332	ORD-001540	SKU-0024	1	1 x SKU-0024
ITM-00001333	ORD-001541	SKU-0074	3	3 x SKU-0074
ITM-00001334	ORD-001541	SKU-0066	4	4 x SKU-0066
ITM-00001335	ORD-001541	SKU-0003	2	2 x SKU-0003
ITM-00001336	ORD-001542	SKU-0020	4	4 x SKU-0020
ITM-00001337	ORD-001542	SKU-0026	2	2 x SKU-0026
ITM-00001338	ORD-001543	SKU-0043	5	5 x SKU-0043
ITM-00001339	ORD-001543	SKU-0048	5	5 x SKU-0048
ITM-00001340	ORD-001543	SKU-0038	1	1 x SKU-0038
ITM-00001341	ORD-001544	SKU-0059	1	1 x SKU-0059
ITM-00001342	ORD-001544	SKU-0072	1	1 x SKU-0072
ITM-00001343	ORD-001544	SKU-0030	4	4 x SKU-0030
ITM-00001344	ORD-001545	SKU-0053	4	4 x SKU-0053
ITM-00001345	ORD-001546	SKU-0045	2	2 x SKU-0045
ITM-00001346	ORD-001546	SKU-0047	2	2 x SKU-0047
ITM-00001347	ORD-001546	SKU-0012	3	3 x SKU-0012
ITM-00001348	ORD-001546	SKU-0056	3	3 x SKU-0056
ITM-00001349	ORD-001547	SKU-0040	3	3 x SKU-0040
ITM-00001350	ORD-001547	SKU-0029	3	3 x SKU-0029
ITM-00001351	ORD-001547	SKU-0075	1	1 x SKU-0075
ITM-00001352	ORD-001548	SKU-0058	5	5 x SKU-0058
ITM-00001353	ORD-001549	SKU-0044	1	1 x SKU-0044
ITM-00001354	ORD-001550	SKU-0055	4	4 x SKU-0055
ITM-00001355	ORD-001550	SKU-0034	4	4 x SKU-0034
ITM-00001356	ORD-001550	SKU-0069	2	2 x SKU-0069
ITM-00001357	ORD-001551	SKU-0028	4	4 x SKU-0028
ITM-00001358	ORD-001552	SKU-0051	1	1 x SKU-0051
ITM-00001359	ORD-001552	SKU-0049	4	4 x SKU-0049
ITM-00001360	ORD-001552	SKU-0008	4	4 x SKU-0008
ITM-00001361	ORD-001553	SKU-0033	1	1 x SKU-0033
ITM-00001362	ORD-001553	SKU-0054	2	2 x SKU-0054
ITM-00001363	ORD-001553	SKU-0068	3	3 x SKU-0068
ITM-00001364	ORD-001553	SKU-0009	2	2 x SKU-0009
ITM-00001365	ORD-001554	SKU-0022	5	5 x SKU-0022
ITM-00001366	ORD-001554	SKU-0011	5	5 x SKU-0011
ITM-00001367	ORD-001554	SKU-0078	1	1 x SKU-0078
ITM-00001368	ORD-001554	SKU-0059	4	4 x SKU-0059
ITM-00001369	ORD-001555	SKU-0067	1	1 x SKU-0067
ITM-00001370	ORD-001555	SKU-0078	2	2 x SKU-0078
ITM-00001371	ORD-001555	SKU-0036	3	3 x SKU-0036
ITM-00001372	ORD-001555	SKU-0059	4	4 x SKU-0059
ITM-00001373	ORD-001556	SKU-0009	2	2 x SKU-0009
ITM-00001374	ORD-001556	SKU-0026	2	2 x SKU-0026
ITM-00001375	ORD-001556	SKU-0027	5	5 x SKU-0027
ITM-00001376	ORD-001557	SKU-0062	1	1 x SKU-0062
ITM-00001377	ORD-001557	SKU-0068	1	1 x SKU-0068
ITM-00001378	ORD-001558	SKU-0070	1	1 x SKU-0070
ITM-00001379	ORD-001558	SKU-0050	4	4 x SKU-0050
ITM-00001380	ORD-001558	SKU-0034	2	2 x SKU-0034
ITM-00001381	ORD-001558	SKU-0060	3	3 x SKU-0060
ITM-00001382	ORD-001559	SKU-0043	2	2 x SKU-0043
ITM-00001383	ORD-001559	SKU-0004	1	1 x SKU-0004
ITM-00001384	ORD-001559	SKU-0032	3	3 x SKU-0032
ITM-00001385	ORD-001559	SKU-0022	2	2 x SKU-0022
ITM-00001386	ORD-001560	SKU-0075	5	5 x SKU-0075
ITM-00001387	ORD-001560	SKU-0072	3	3 x SKU-0072
ITM-00001388	ORD-001561	SKU-0021	2	2 x SKU-0021
ITM-00001389	ORD-001561	SKU-0055	2	2 x SKU-0055
ITM-00001390	ORD-001561	SKU-0059	2	2 x SKU-0059
ITM-00001391	ORD-001561	SKU-0041	5	5 x SKU-0041
ITM-00001392	ORD-001562	SKU-0025	3	3 x SKU-0025
ITM-00001393	ORD-001562	SKU-0075	4	4 x SKU-0075
ITM-00001394	ORD-001563	SKU-0013	2	2 x SKU-0013
ITM-00001395	ORD-001563	SKU-0062	1	1 x SKU-0062
ITM-00001396	ORD-001564	SKU-0009	2	2 x SKU-0009
ITM-00001397	ORD-001564	SKU-0031	3	3 x SKU-0031
ITM-00001398	ORD-001564	SKU-0006	5	5 x SKU-0006
ITM-00001399	ORD-001565	SKU-0068	5	5 x SKU-0068
ITM-00001400	ORD-001565	SKU-0021	3	3 x SKU-0021
ITM-00001401	ORD-001566	SKU-0061	1	1 x SKU-0061
ITM-00001402	ORD-001566	SKU-0020	1	1 x SKU-0020
ITM-00001403	ORD-001567	SKU-0056	2	2 x SKU-0056
ITM-00001404	ORD-001568	SKU-0032	4	4 x SKU-0032
ITM-00001405	ORD-001569	SKU-0036	1	1 x SKU-0036
ITM-00001406	ORD-001569	SKU-0001	2	2 x SKU-0001
ITM-00001407	ORD-001569	SKU-0052	2	2 x SKU-0052
ITM-00001408	ORD-001569	SKU-0042	2	2 x SKU-0042
ITM-00001409	ORD-001570	SKU-0060	3	3 x SKU-0060
ITM-00001410	ORD-001570	SKU-0075	1	1 x SKU-0075
ITM-00001411	ORD-001571	SKU-0073	3	3 x SKU-0073
ITM-00001412	ORD-001572	SKU-0026	4	4 x SKU-0026
ITM-00001413	ORD-001573	SKU-0077	5	5 x SKU-0077
ITM-00001414	ORD-001573	SKU-0012	3	3 x SKU-0012
ITM-00001415	ORD-001573	SKU-0060	3	3 x SKU-0060
ITM-00001416	ORD-001573	SKU-0010	5	5 x SKU-0010
ITM-00001417	ORD-001574	SKU-0005	1	1 x SKU-0005
ITM-00001418	ORD-001574	SKU-0048	5	5 x SKU-0048
ITM-00001419	ORD-001574	SKU-0017	1	1 x SKU-0017
ITM-00001420	ORD-001574	SKU-0035	2	2 x SKU-0035
ITM-00001421	ORD-001575	SKU-0033	2	2 x SKU-0033
ITM-00001422	ORD-001575	SKU-0006	4	4 x SKU-0006
ITM-00001423	ORD-001576	SKU-0040	4	4 x SKU-0040
ITM-00001424	ORD-001576	SKU-0038	2	2 x SKU-0038
ITM-00001425	ORD-001576	SKU-0017	5	5 x SKU-0017
ITM-00001426	ORD-001576	SKU-0005	2	2 x SKU-0005
ITM-00001427	ORD-001577	SKU-0039	4	4 x SKU-0039
ITM-00001428	ORD-001577	SKU-0008	3	3 x SKU-0008
ITM-00001429	ORD-001577	SKU-0060	4	4 x SKU-0060
ITM-00001430	ORD-001577	SKU-0033	4	4 x SKU-0033
ITM-00001431	ORD-001578	SKU-0018	3	3 x SKU-0018
ITM-00001432	ORD-001578	SKU-0021	4	4 x SKU-0021
ITM-00001433	ORD-001579	SKU-0002	2	2 x SKU-0002
ITM-00001434	ORD-001579	SKU-0078	5	5 x SKU-0078
ITM-00001435	ORD-001579	SKU-0068	2	2 x SKU-0068
ITM-00001436	ORD-001580	SKU-0051	3	3 x SKU-0051
ITM-00001437	ORD-001581	SKU-0054	4	4 x SKU-0054
ITM-00001438	ORD-001581	SKU-0024	4	4 x SKU-0024
ITM-00001439	ORD-001581	SKU-0077	3	3 x SKU-0077
ITM-00001440	ORD-001581	SKU-0058	3	3 x SKU-0058
ITM-00001441	ORD-001582	SKU-0030	2	2 x SKU-0030
ITM-00001442	ORD-001582	SKU-0008	2	2 x SKU-0008
ITM-00001443	ORD-001582	SKU-0058	2	2 x SKU-0058
ITM-00001444	ORD-001583	SKU-0043	2	2 x SKU-0043
ITM-00001445	ORD-001583	SKU-0042	4	4 x SKU-0042
ITM-00001446	ORD-001583	SKU-0011	3	3 x SKU-0011
ITM-00001447	ORD-001584	SKU-0067	3	3 x SKU-0067
ITM-00001448	ORD-001584	SKU-0039	1	1 x SKU-0039
ITM-00001449	ORD-001584	SKU-0005	2	2 x SKU-0005
ITM-00001450	ORD-001584	SKU-0034	1	1 x SKU-0034
ITM-00001451	ORD-001585	SKU-0024	2	2 x SKU-0024
ITM-00001452	ORD-001586	SKU-0018	1	1 x SKU-0018
ITM-00001453	ORD-001586	SKU-0016	1	1 x SKU-0016
ITM-00001454	ORD-001586	SKU-0032	5	5 x SKU-0032
ITM-00001455	ORD-001586	SKU-0047	1	1 x SKU-0047
ITM-00001456	ORD-001587	SKU-0023	2	2 x SKU-0023
ITM-00001457	ORD-001587	SKU-0034	4	4 x SKU-0034
ITM-00001458	ORD-001587	SKU-0045	1	1 x SKU-0045
ITM-00001459	ORD-001588	SKU-0037	5	5 x SKU-0037
ITM-00001460	ORD-001589	SKU-0047	2	2 x SKU-0047
ITM-00001461	ORD-001589	SKU-0034	5	5 x SKU-0034
ITM-00001462	ORD-001589	SKU-0030	5	5 x SKU-0030
ITM-00001463	ORD-001589	SKU-0033	2	2 x SKU-0033
ITM-00001464	ORD-001590	SKU-0005	5	5 x SKU-0005
ITM-00001465	ORD-001590	SKU-0017	5	5 x SKU-0017
ITM-00001466	ORD-001590	SKU-0032	2	2 x SKU-0032
ITM-00001467	ORD-001591	SKU-0006	1	1 x SKU-0006
ITM-00001468	ORD-001591	SKU-0024	3	3 x SKU-0024
ITM-00001469	ORD-001592	SKU-0068	5	5 x SKU-0068
ITM-00001470	ORD-001592	SKU-0015	5	5 x SKU-0015
ITM-00001471	ORD-001593	SKU-0023	5	5 x SKU-0023
ITM-00001472	ORD-001594	SKU-0038	1	1 x SKU-0038
ITM-00001473	ORD-001595	SKU-0074	5	5 x SKU-0074
ITM-00001474	ORD-001595	SKU-0006	4	4 x SKU-0006
ITM-00001475	ORD-001596	SKU-0038	3	3 x SKU-0038
ITM-00001476	ORD-001596	SKU-0046	5	5 x SKU-0046
ITM-00001477	ORD-001596	SKU-0035	4	4 x SKU-0035
ITM-00001478	ORD-001597	SKU-0034	2	2 x SKU-0034
ITM-00001479	ORD-001598	SKU-0046	5	5 x SKU-0046
ITM-00001480	ORD-001598	SKU-0051	5	5 x SKU-0051
ITM-00001481	ORD-001598	SKU-0009	1	1 x SKU-0009
ITM-00001482	ORD-001599	SKU-0064	4	4 x SKU-0064
ITM-00001483	ORD-001599	SKU-0070	3	3 x SKU-0070
ITM-00001484	ORD-001599	SKU-0033	1	1 x SKU-0033
ITM-00001485	ORD-001599	SKU-0008	1	1 x SKU-0008
ITM-00001486	ORD-001600	SKU-0005	5	5 x SKU-0005
ITM-00001487	ORD-001600	SKU-0044	5	5 x SKU-0044
ITM-00001488	ORD-001600	SKU-0028	3	3 x SKU-0028
ITM-00001489	ORD-001601	SKU-0058	4	4 x SKU-0058
ITM-00001490	ORD-001601	SKU-0044	2	2 x SKU-0044
ITM-00001491	ORD-001601	SKU-0025	2	2 x SKU-0025
ITM-00001492	ORD-001602	SKU-0055	3	3 x SKU-0055
ITM-00001493	ORD-001602	SKU-0036	4	4 x SKU-0036
ITM-00001494	ORD-001602	SKU-0066	2	2 x SKU-0066
ITM-00001495	ORD-001603	SKU-0078	4	4 x SKU-0078
ITM-00001496	ORD-001603	SKU-0026	5	5 x SKU-0026
ITM-00001497	ORD-001603	SKU-0010	1	1 x SKU-0010
ITM-00001498	ORD-001603	SKU-0022	4	4 x SKU-0022
ITM-00001499	ORD-001604	SKU-0054	1	1 x SKU-0054
ITM-00001500	ORD-001604	SKU-0006	3	3 x SKU-0006
ITM-00001501	ORD-001604	SKU-0078	3	3 x SKU-0078
ITM-00001502	ORD-001604	SKU-0011	3	3 x SKU-0011
ITM-00001503	ORD-001605	SKU-0072	2	2 x SKU-0072
ITM-00001504	ORD-001606	SKU-0079	3	3 x SKU-0079
ITM-00001505	ORD-001606	SKU-0076	1	1 x SKU-0076
ITM-00001506	ORD-001606	SKU-0047	3	3 x SKU-0047
ITM-00001507	ORD-001606	SKU-0038	3	3 x SKU-0038
ITM-00001508	ORD-001607	SKU-0008	5	5 x SKU-0008
ITM-00001509	ORD-001607	SKU-0041	3	3 x SKU-0041
ITM-00001510	ORD-001608	SKU-0005	1	1 x SKU-0005
ITM-00001511	ORD-001609	SKU-0028	4	4 x SKU-0028
ITM-00001512	ORD-001609	SKU-0066	5	5 x SKU-0066
ITM-00001513	ORD-001610	SKU-0046	4	4 x SKU-0046
ITM-00001514	ORD-001610	SKU-0016	2	2 x SKU-0016
ITM-00001515	ORD-001611	SKU-0052	3	3 x SKU-0052
ITM-00001516	ORD-001611	SKU-0052	3	3 x SKU-0052
ITM-00001517	ORD-001611	SKU-0016	5	5 x SKU-0016
ITM-00001518	ORD-001612	SKU-0014	1	1 x SKU-0014
ITM-00001519	ORD-001613	SKU-0023	5	5 x SKU-0023
ITM-00001520	ORD-001614	SKU-0031	2	2 x SKU-0031
ITM-00001521	ORD-001615	SKU-0013	3	3 x SKU-0013
ITM-00001522	ORD-001615	SKU-0049	5	5 x SKU-0049
ITM-00001523	ORD-001615	SKU-0071	2	2 x SKU-0071
ITM-00001524	ORD-001616	SKU-0079	4	4 x SKU-0079
ITM-00001525	ORD-001616	SKU-0002	1	1 x SKU-0002
ITM-00001526	ORD-001616	SKU-0021	1	1 x SKU-0021
ITM-00001527	ORD-001616	SKU-0009	2	2 x SKU-0009
ITM-00001528	ORD-001617	SKU-0003	2	2 x SKU-0003
ITM-00001529	ORD-001618	SKU-0031	4	4 x SKU-0031
ITM-00001530	ORD-001618	SKU-0028	2	2 x SKU-0028
ITM-00001531	ORD-001618	SKU-0068	5	5 x SKU-0068
ITM-00001532	ORD-001619	SKU-0041	4	4 x SKU-0041
ITM-00001533	ORD-001619	SKU-0060	4	4 x SKU-0060
ITM-00001534	ORD-001620	SKU-0029	5	5 x SKU-0029
ITM-00001535	ORD-001621	SKU-0027	3	3 x SKU-0027
ITM-00001536	ORD-001621	SKU-0009	2	2 x SKU-0009
ITM-00001537	ORD-001621	SKU-0009	1	1 x SKU-0009
ITM-00001538	ORD-001621	SKU-0077	3	3 x SKU-0077
ITM-00001539	ORD-001622	SKU-0079	3	3 x SKU-0079
ITM-00001540	ORD-001622	SKU-0003	2	2 x SKU-0003
ITM-00001541	ORD-001623	SKU-0044	5	5 x SKU-0044
ITM-00001542	ORD-001623	SKU-0039	1	1 x SKU-0039
ITM-00001543	ORD-001623	SKU-0037	2	2 x SKU-0037
ITM-00001544	ORD-001623	SKU-0021	1	1 x SKU-0021
ITM-00001545	ORD-001624	SKU-0020	3	3 x SKU-0020
ITM-00001546	ORD-001624	SKU-0080	2	2 x SKU-0080
ITM-00001547	ORD-001624	SKU-0027	3	3 x SKU-0027
ITM-00001548	ORD-001624	SKU-0035	5	5 x SKU-0035
ITM-00001549	ORD-001625	SKU-0072	1	1 x SKU-0072
ITM-00001550	ORD-001626	SKU-0026	3	3 x SKU-0026
ITM-00001551	ORD-001627	SKU-0059	3	3 x SKU-0059
ITM-00001552	ORD-001628	SKU-0004	4	4 x SKU-0004
ITM-00001553	ORD-001628	SKU-0043	1	1 x SKU-0043
ITM-00001554	ORD-001629	SKU-0072	2	2 x SKU-0072
ITM-00001555	ORD-001629	SKU-0039	1	1 x SKU-0039
ITM-00001556	ORD-001629	SKU-0009	5	5 x SKU-0009
ITM-00001557	ORD-001629	SKU-0049	1	1 x SKU-0049
ITM-00001558	ORD-001630	SKU-0027	2	2 x SKU-0027
ITM-00001559	ORD-001631	SKU-0022	4	4 x SKU-0022
ITM-00001560	ORD-001631	SKU-0060	1	1 x SKU-0060
ITM-00001561	ORD-001632	SKU-0050	1	1 x SKU-0050
ITM-00001562	ORD-001632	SKU-0037	4	4 x SKU-0037
ITM-00001563	ORD-001633	SKU-0079	3	3 x SKU-0079
ITM-00001564	ORD-001633	SKU-0068	5	5 x SKU-0068
ITM-00001565	ORD-001633	SKU-0059	1	1 x SKU-0059
ITM-00001566	ORD-001634	SKU-0062	3	3 x SKU-0062
ITM-00001567	ORD-001634	SKU-0045	1	1 x SKU-0045
ITM-00001568	ORD-001634	SKU-0031	3	3 x SKU-0031
ITM-00001569	ORD-001635	SKU-0020	2	2 x SKU-0020
ITM-00001570	ORD-001635	SKU-0068	2	2 x SKU-0068
ITM-00001571	ORD-001636	SKU-0046	3	3 x SKU-0046
ITM-00001572	ORD-001636	SKU-0020	1	1 x SKU-0020
ITM-00001573	ORD-001637	SKU-0024	4	4 x SKU-0024
ITM-00001574	ORD-001637	SKU-0020	5	5 x SKU-0020
ITM-00001575	ORD-001638	SKU-0006	4	4 x SKU-0006
ITM-00001576	ORD-001638	SKU-0020	3	3 x SKU-0020
ITM-00001577	ORD-001638	SKU-0060	4	4 x SKU-0060
ITM-00001578	ORD-001639	SKU-0061	5	5 x SKU-0061
ITM-00001579	ORD-001639	SKU-0038	3	3 x SKU-0038
ITM-00001580	ORD-001639	SKU-0061	3	3 x SKU-0061
ITM-00001581	ORD-001640	SKU-0078	1	1 x SKU-0078
ITM-00001582	ORD-001641	SKU-0016	1	1 x SKU-0016
ITM-00001583	ORD-001641	SKU-0014	3	3 x SKU-0014
ITM-00001584	ORD-001641	SKU-0067	1	1 x SKU-0067
ITM-00001585	ORD-001642	SKU-0012	2	2 x SKU-0012
ITM-00001586	ORD-001642	SKU-0044	3	3 x SKU-0044
ITM-00001587	ORD-001643	SKU-0047	2	2 x SKU-0047
ITM-00001588	ORD-001643	SKU-0061	5	5 x SKU-0061
ITM-00001589	ORD-001644	SKU-0043	2	2 x SKU-0043
ITM-00001590	ORD-001644	SKU-0074	5	5 x SKU-0074
ITM-00001591	ORD-001644	SKU-0054	4	4 x SKU-0054
ITM-00001592	ORD-001644	SKU-0077	2	2 x SKU-0077
ITM-00001593	ORD-001645	SKU-0001	2	2 x SKU-0001
ITM-00001594	ORD-001645	SKU-0045	2	2 x SKU-0045
ITM-00001595	ORD-001645	SKU-0029	1	1 x SKU-0029
ITM-00001596	ORD-001646	SKU-0015	1	1 x SKU-0015
ITM-00001597	ORD-001646	SKU-0009	1	1 x SKU-0009
ITM-00001598	ORD-001646	SKU-0079	1	1 x SKU-0079
ITM-00001599	ORD-001647	SKU-0058	2	2 x SKU-0058
ITM-00001600	ORD-001647	SKU-0013	3	3 x SKU-0013
ITM-00001601	ORD-001647	SKU-0042	3	3 x SKU-0042
ITM-00001602	ORD-001647	SKU-0062	4	4 x SKU-0062
ITM-00001603	ORD-001648	SKU-0021	1	1 x SKU-0021
ITM-00001604	ORD-001648	SKU-0012	2	2 x SKU-0012
ITM-00001605	ORD-001649	SKU-0013	2	2 x SKU-0013
ITM-00001606	ORD-001649	SKU-0044	1	1 x SKU-0044
ITM-00001607	ORD-001649	SKU-0003	1	1 x SKU-0003
ITM-00001608	ORD-001649	SKU-0079	3	3 x SKU-0079
ITM-00001609	ORD-001650	SKU-0048	4	4 x SKU-0048
ITM-00001610	ORD-001650	SKU-0003	2	2 x SKU-0003
ITM-00001611	ORD-001650	SKU-0047	2	2 x SKU-0047
ITM-00001612	ORD-001651	SKU-0066	2	2 x SKU-0066
ITM-00001613	ORD-001651	SKU-0010	3	3 x SKU-0010
ITM-00001614	ORD-001651	SKU-0044	2	2 x SKU-0044
ITM-00001615	ORD-001652	SKU-0009	4	4 x SKU-0009
ITM-00001616	ORD-001652	SKU-0001	4	4 x SKU-0001
ITM-00001617	ORD-001653	SKU-0041	5	5 x SKU-0041
ITM-00001618	ORD-001653	SKU-0076	2	2 x SKU-0076
ITM-00001619	ORD-001653	SKU-0062	4	4 x SKU-0062
ITM-00001620	ORD-001653	SKU-0005	5	5 x SKU-0005
ITM-00001621	ORD-001654	SKU-0077	4	4 x SKU-0077
ITM-00001622	ORD-001655	SKU-0032	1	1 x SKU-0032
ITM-00001623	ORD-001655	SKU-0019	4	4 x SKU-0019
ITM-00001624	ORD-001656	SKU-0026	3	3 x SKU-0026
ITM-00001625	ORD-001656	SKU-0011	1	1 x SKU-0011
ITM-00001626	ORD-001656	SKU-0060	5	5 x SKU-0060
ITM-00001627	ORD-001656	SKU-0066	4	4 x SKU-0066
ITM-00001628	ORD-001657	SKU-0044	3	3 x SKU-0044
ITM-00001629	ORD-001657	SKU-0053	1	1 x SKU-0053
ITM-00001630	ORD-001657	SKU-0047	5	5 x SKU-0047
ITM-00001631	ORD-001657	SKU-0032	5	5 x SKU-0032
ITM-00001632	ORD-001658	SKU-0024	5	5 x SKU-0024
ITM-00001633	ORD-001658	SKU-0064	3	3 x SKU-0064
ITM-00001634	ORD-001658	SKU-0021	5	5 x SKU-0021
ITM-00001635	ORD-001659	SKU-0048	2	2 x SKU-0048
ITM-00001636	ORD-001659	SKU-0022	4	4 x SKU-0022
ITM-00001637	ORD-001659	SKU-0009	5	5 x SKU-0009
ITM-00001638	ORD-001659	SKU-0007	5	5 x SKU-0007
ITM-00001639	ORD-001660	SKU-0050	3	3 x SKU-0050
ITM-00001640	ORD-001660	SKU-0066	1	1 x SKU-0066
ITM-00001641	ORD-001660	SKU-0066	4	4 x SKU-0066
ITM-00001642	ORD-001661	SKU-0045	3	3 x SKU-0045
ITM-00001643	ORD-001662	SKU-0041	2	2 x SKU-0041
ITM-00001644	ORD-001662	SKU-0044	1	1 x SKU-0044
ITM-00001645	ORD-001662	SKU-0055	5	5 x SKU-0055
ITM-00001646	ORD-001662	SKU-0065	5	5 x SKU-0065
ITM-00001647	ORD-001663	SKU-0062	4	4 x SKU-0062
ITM-00001648	ORD-001663	SKU-0073	4	4 x SKU-0073
ITM-00001649	ORD-001663	SKU-0044	3	3 x SKU-0044
ITM-00001650	ORD-001663	SKU-0022	3	3 x SKU-0022
ITM-00001651	ORD-001664	SKU-0072	5	5 x SKU-0072
ITM-00001652	ORD-001664	SKU-0074	4	4 x SKU-0074
ITM-00001653	ORD-001664	SKU-0029	4	4 x SKU-0029
ITM-00001654	ORD-001664	SKU-0043	1	1 x SKU-0043
ITM-00001655	ORD-001665	SKU-0046	3	3 x SKU-0046
ITM-00001656	ORD-001665	SKU-0079	1	1 x SKU-0079
ITM-00001657	ORD-001666	SKU-0052	2	2 x SKU-0052
ITM-00001658	ORD-001666	SKU-0016	2	2 x SKU-0016
ITM-00001659	ORD-001667	SKU-0073	3	3 x SKU-0073
ITM-00001660	ORD-001667	SKU-0042	4	4 x SKU-0042
ITM-00001661	ORD-001668	SKU-0052	5	5 x SKU-0052
ITM-00001662	ORD-001669	SKU-0078	2	2 x SKU-0078
ITM-00001663	ORD-001669	SKU-0028	3	3 x SKU-0028
ITM-00001664	ORD-001669	SKU-0059	2	2 x SKU-0059
ITM-00001665	ORD-001670	SKU-0069	2	2 x SKU-0069
ITM-00001666	ORD-001670	SKU-0069	1	1 x SKU-0069
ITM-00001667	ORD-001670	SKU-0076	3	3 x SKU-0076
ITM-00001668	ORD-001670	SKU-0047	1	1 x SKU-0047
ITM-00001669	ORD-001671	SKU-0028	3	3 x SKU-0028
ITM-00001670	ORD-001671	SKU-0034	2	2 x SKU-0034
ITM-00001671	ORD-001671	SKU-0005	2	2 x SKU-0005
ITM-00001672	ORD-001672	SKU-0034	5	5 x SKU-0034
ITM-00001673	ORD-001673	SKU-0008	1	1 x SKU-0008
ITM-00001674	ORD-001673	SKU-0036	5	5 x SKU-0036
ITM-00001675	ORD-001674	SKU-0069	4	4 x SKU-0069
ITM-00001676	ORD-001674	SKU-0033	5	5 x SKU-0033
ITM-00001677	ORD-001675	SKU-0080	1	1 x SKU-0080
ITM-00001678	ORD-001676	SKU-0044	2	2 x SKU-0044
ITM-00001679	ORD-001676	SKU-0040	4	4 x SKU-0040
ITM-00001680	ORD-001676	SKU-0077	4	4 x SKU-0077
ITM-00001681	ORD-001676	SKU-0019	5	5 x SKU-0019
ITM-00001682	ORD-001677	SKU-0051	5	5 x SKU-0051
ITM-00001683	ORD-001677	SKU-0022	4	4 x SKU-0022
ITM-00001684	ORD-001678	SKU-0072	5	5 x SKU-0072
ITM-00001685	ORD-001679	SKU-0078	3	3 x SKU-0078
ITM-00001686	ORD-001679	SKU-0072	5	5 x SKU-0072
ITM-00001687	ORD-001680	SKU-0004	4	4 x SKU-0004
ITM-00001688	ORD-001680	SKU-0047	5	5 x SKU-0047
ITM-00001689	ORD-001680	SKU-0058	4	4 x SKU-0058
ITM-00001690	ORD-001681	SKU-0046	1	1 x SKU-0046
ITM-00001691	ORD-001682	SKU-0053	4	4 x SKU-0053
ITM-00001692	ORD-001683	SKU-0054	5	5 x SKU-0054
ITM-00001693	ORD-001684	SKU-0006	3	3 x SKU-0006
ITM-00001694	ORD-001684	SKU-0063	4	4 x SKU-0063
ITM-00001695	ORD-001684	SKU-0024	4	4 x SKU-0024
ITM-00001696	ORD-001684	SKU-0029	1	1 x SKU-0029
ITM-00001697	ORD-001685	SKU-0025	4	4 x SKU-0025
ITM-00001698	ORD-001685	SKU-0004	1	1 x SKU-0004
ITM-00001699	ORD-001685	SKU-0002	4	4 x SKU-0002
ITM-00001700	ORD-001685	SKU-0037	1	1 x SKU-0037
ITM-00001701	ORD-001686	SKU-0011	2	2 x SKU-0011
ITM-00001702	ORD-001687	SKU-0041	1	1 x SKU-0041
ITM-00001703	ORD-001687	SKU-0019	5	5 x SKU-0019
ITM-00001704	ORD-001687	SKU-0061	1	1 x SKU-0061
ITM-00001705	ORD-001687	SKU-0004	3	3 x SKU-0004
ITM-00001706	ORD-001688	SKU-0024	1	1 x SKU-0024
ITM-00001707	ORD-001688	SKU-0067	2	2 x SKU-0067
ITM-00001708	ORD-001689	SKU-0049	3	3 x SKU-0049
ITM-00001709	ORD-001689	SKU-0001	5	5 x SKU-0001
ITM-00001710	ORD-001689	SKU-0055	1	1 x SKU-0055
ITM-00001711	ORD-001690	SKU-0026	3	3 x SKU-0026
ITM-00001712	ORD-001690	SKU-0018	4	4 x SKU-0018
ITM-00001713	ORD-001691	SKU-0051	1	1 x SKU-0051
ITM-00001714	ORD-001691	SKU-0040	1	1 x SKU-0040
ITM-00001715	ORD-001691	SKU-0031	2	2 x SKU-0031
ITM-00001716	ORD-001692	SKU-0007	1	1 x SKU-0007
ITM-00001717	ORD-001693	SKU-0016	5	5 x SKU-0016
ITM-00001718	ORD-001693	SKU-0026	1	1 x SKU-0026
ITM-00001719	ORD-001693	SKU-0079	1	1 x SKU-0079
ITM-00001720	ORD-001693	SKU-0075	1	1 x SKU-0075
ITM-00001721	ORD-001694	SKU-0014	4	4 x SKU-0014
ITM-00001722	ORD-001694	SKU-0002	5	5 x SKU-0002
ITM-00001723	ORD-001694	SKU-0029	2	2 x SKU-0029
ITM-00001724	ORD-001694	SKU-0060	2	2 x SKU-0060
ITM-00001725	ORD-001695	SKU-0016	2	2 x SKU-0016
ITM-00001726	ORD-001695	SKU-0002	4	4 x SKU-0002
ITM-00001727	ORD-001695	SKU-0007	3	3 x SKU-0007
ITM-00001728	ORD-001696	SKU-0079	3	3 x SKU-0079
ITM-00001729	ORD-001696	SKU-0023	1	1 x SKU-0023
ITM-00001730	ORD-001696	SKU-0016	1	1 x SKU-0016
ITM-00001731	ORD-001697	SKU-0001	4	4 x SKU-0001
ITM-00001732	ORD-001698	SKU-0024	4	4 x SKU-0024
ITM-00001733	ORD-001698	SKU-0022	4	4 x SKU-0022
ITM-00001734	ORD-001698	SKU-0080	2	2 x SKU-0080
ITM-00001735	ORD-001698	SKU-0017	1	1 x SKU-0017
ITM-00001736	ORD-001699	SKU-0078	2	2 x SKU-0078
ITM-00001737	ORD-001700	SKU-0007	3	3 x SKU-0007
ITM-00001738	ORD-001700	SKU-0010	3	3 x SKU-0010
ITM-00001739	ORD-001700	SKU-0017	1	1 x SKU-0017
ITM-00001740	ORD-001700	SKU-0023	3	3 x SKU-0023
ITM-00001741	ORD-001701	SKU-0054	3	3 x SKU-0054
ITM-00001742	ORD-001701	SKU-0072	4	4 x SKU-0072
ITM-00001743	ORD-001701	SKU-0016	3	3 x SKU-0016
ITM-00001744	ORD-001701	SKU-0047	5	5 x SKU-0047
ITM-00001745	ORD-001702	SKU-0026	5	5 x SKU-0026
ITM-00001746	ORD-001703	SKU-0016	1	1 x SKU-0016
ITM-00001747	ORD-001703	SKU-0008	5	5 x SKU-0008
ITM-00001748	ORD-001703	SKU-0016	2	2 x SKU-0016
ITM-00001749	ORD-001704	SKU-0070	5	5 x SKU-0070
ITM-00001750	ORD-001704	SKU-0070	1	1 x SKU-0070
ITM-00001751	ORD-001704	SKU-0036	2	2 x SKU-0036
ITM-00001752	ORD-001704	SKU-0045	5	5 x SKU-0045
ITM-00001753	ORD-001705	SKU-0009	2	2 x SKU-0009
ITM-00001754	ORD-001705	SKU-0059	5	5 x SKU-0059
ITM-00001755	ORD-001706	SKU-0062	3	3 x SKU-0062
ITM-00001756	ORD-001706	SKU-0026	1	1 x SKU-0026
ITM-00001757	ORD-001706	SKU-0021	3	3 x SKU-0021
ITM-00001758	ORD-001706	SKU-0041	3	3 x SKU-0041
ITM-00001759	ORD-001707	SKU-0023	3	3 x SKU-0023
ITM-00001760	ORD-001707	SKU-0080	1	1 x SKU-0080
ITM-00001761	ORD-001707	SKU-0035	1	1 x SKU-0035
ITM-00001762	ORD-001707	SKU-0058	5	5 x SKU-0058
ITM-00001763	ORD-001708	SKU-0023	1	1 x SKU-0023
ITM-00001764	ORD-001708	SKU-0042	1	1 x SKU-0042
ITM-00001765	ORD-001708	SKU-0078	1	1 x SKU-0078
ITM-00001766	ORD-001708	SKU-0065	2	2 x SKU-0065
ITM-00001767	ORD-001709	SKU-0008	5	5 x SKU-0008
ITM-00001768	ORD-001709	SKU-0061	3	3 x SKU-0061
ITM-00001769	ORD-001709	SKU-0059	5	5 x SKU-0059
ITM-00001770	ORD-001709	SKU-0036	2	2 x SKU-0036
ITM-00001771	ORD-001710	SKU-0023	3	3 x SKU-0023
ITM-00001772	ORD-001710	SKU-0040	2	2 x SKU-0040
ITM-00001773	ORD-001710	SKU-0046	2	2 x SKU-0046
ITM-00001774	ORD-001711	SKU-0072	1	1 x SKU-0072
ITM-00001775	ORD-001711	SKU-0056	2	2 x SKU-0056
ITM-00001776	ORD-001711	SKU-0013	1	1 x SKU-0013
ITM-00001777	ORD-001711	SKU-0056	1	1 x SKU-0056
ITM-00001778	ORD-001712	SKU-0064	5	5 x SKU-0064
ITM-00001779	ORD-001712	SKU-0050	3	3 x SKU-0050
ITM-00001780	ORD-001713	SKU-0041	1	1 x SKU-0041
ITM-00001781	ORD-001714	SKU-0033	5	5 x SKU-0033
ITM-00001782	ORD-001714	SKU-0034	1	1 x SKU-0034
ITM-00001783	ORD-001715	SKU-0036	4	4 x SKU-0036
ITM-00001784	ORD-001715	SKU-0023	1	1 x SKU-0023
ITM-00001785	ORD-001715	SKU-0007	4	4 x SKU-0007
ITM-00001786	ORD-001716	SKU-0057	2	2 x SKU-0057
ITM-00001787	ORD-001716	SKU-0064	4	4 x SKU-0064
ITM-00001788	ORD-001716	SKU-0053	2	2 x SKU-0053
ITM-00001789	ORD-001717	SKU-0066	4	4 x SKU-0066
ITM-00001790	ORD-001717	SKU-0017	1	1 x SKU-0017
ITM-00001791	ORD-001717	SKU-0060	4	4 x SKU-0060
ITM-00001792	ORD-001717	SKU-0009	4	4 x SKU-0009
ITM-00001793	ORD-001718	SKU-0064	1	1 x SKU-0064
ITM-00001794	ORD-001718	SKU-0021	1	1 x SKU-0021
ITM-00001795	ORD-001719	SKU-0067	1	1 x SKU-0067
ITM-00001796	ORD-001719	SKU-0015	2	2 x SKU-0015
ITM-00001797	ORD-001720	SKU-0024	2	2 x SKU-0024
ITM-00001798	ORD-001721	SKU-0067	1	1 x SKU-0067
ITM-00001799	ORD-001721	SKU-0066	1	1 x SKU-0066
ITM-00001800	ORD-001722	SKU-0042	5	5 x SKU-0042
ITM-00001801	ORD-001722	SKU-0027	4	4 x SKU-0027
ITM-00001802	ORD-001723	SKU-0074	4	4 x SKU-0074
ITM-00001803	ORD-001723	SKU-0063	2	2 x SKU-0063
ITM-00001804	ORD-001723	SKU-0015	3	3 x SKU-0015
ITM-00001805	ORD-001723	SKU-0041	2	2 x SKU-0041
ITM-00001806	ORD-001724	SKU-0018	1	1 x SKU-0018
ITM-00001807	ORD-001724	SKU-0058	4	4 x SKU-0058
ITM-00001808	ORD-001724	SKU-0033	1	1 x SKU-0033
ITM-00001809	ORD-001724	SKU-0078	2	2 x SKU-0078
ITM-00001810	ORD-001725	SKU-0075	2	2 x SKU-0075
ITM-00001811	ORD-001725	SKU-0047	2	2 x SKU-0047
ITM-00001812	ORD-001725	SKU-0010	3	3 x SKU-0010
ITM-00001813	ORD-001726	SKU-0028	5	5 x SKU-0028
ITM-00001814	ORD-001727	SKU-0016	3	3 x SKU-0016
ITM-00001815	ORD-001727	SKU-0023	1	1 x SKU-0023
ITM-00001816	ORD-001727	SKU-0047	1	1 x SKU-0047
ITM-00001817	ORD-001728	SKU-0025	4	4 x SKU-0025
ITM-00001818	ORD-001728	SKU-0024	2	2 x SKU-0024
ITM-00001819	ORD-001728	SKU-0074	4	4 x SKU-0074
ITM-00001820	ORD-001728	SKU-0025	4	4 x SKU-0025
ITM-00001821	ORD-001729	SKU-0052	1	1 x SKU-0052
ITM-00001822	ORD-001729	SKU-0070	2	2 x SKU-0070
ITM-00001823	ORD-001730	SKU-0026	1	1 x SKU-0026
ITM-00001824	ORD-001731	SKU-0047	2	2 x SKU-0047
ITM-00001825	ORD-001731	SKU-0068	4	4 x SKU-0068
ITM-00001826	ORD-001731	SKU-0074	2	2 x SKU-0074
ITM-00001827	ORD-001732	SKU-0022	2	2 x SKU-0022
ITM-00001828	ORD-001732	SKU-0073	2	2 x SKU-0073
ITM-00001829	ORD-001732	SKU-0014	2	2 x SKU-0014
ITM-00001830	ORD-001733	SKU-0057	2	2 x SKU-0057
ITM-00001831	ORD-001734	SKU-0010	1	1 x SKU-0010
ITM-00001832	ORD-001735	SKU-0069	3	3 x SKU-0069
ITM-00001833	ORD-001735	SKU-0024	3	3 x SKU-0024
ITM-00001834	ORD-001736	SKU-0039	4	4 x SKU-0039
ITM-00001835	ORD-001736	SKU-0062	2	2 x SKU-0062
ITM-00001836	ORD-001736	SKU-0024	1	1 x SKU-0024
ITM-00001837	ORD-001736	SKU-0027	5	5 x SKU-0027
ITM-00001838	ORD-001737	SKU-0064	4	4 x SKU-0064
ITM-00001839	ORD-001737	SKU-0018	5	5 x SKU-0018
ITM-00001840	ORD-001737	SKU-0027	1	1 x SKU-0027
ITM-00001841	ORD-001738	SKU-0074	4	4 x SKU-0074
ITM-00001842	ORD-001738	SKU-0068	3	3 x SKU-0068
ITM-00001843	ORD-001739	SKU-0012	5	5 x SKU-0012
ITM-00001844	ORD-001739	SKU-0004	3	3 x SKU-0004
ITM-00001845	ORD-001740	SKU-0018	4	4 x SKU-0018
ITM-00001846	ORD-001740	SKU-0079	4	4 x SKU-0079
ITM-00001847	ORD-001741	SKU-0041	3	3 x SKU-0041
ITM-00001848	ORD-001741	SKU-0033	2	2 x SKU-0033
ITM-00001849	ORD-001742	SKU-0068	3	3 x SKU-0068
ITM-00001850	ORD-001742	SKU-0080	3	3 x SKU-0080
ITM-00001851	ORD-001742	SKU-0061	4	4 x SKU-0061
ITM-00001852	ORD-001743	SKU-0022	3	3 x SKU-0022
ITM-00001853	ORD-001743	SKU-0045	5	5 x SKU-0045
ITM-00001854	ORD-001743	SKU-0077	5	5 x SKU-0077
ITM-00001855	ORD-001744	SKU-0051	2	2 x SKU-0051
ITM-00001856	ORD-001744	SKU-0024	1	1 x SKU-0024
ITM-00001857	ORD-001744	SKU-0031	3	3 x SKU-0031
ITM-00001858	ORD-001744	SKU-0002	5	5 x SKU-0002
ITM-00001859	ORD-001745	SKU-0040	3	3 x SKU-0040
ITM-00001860	ORD-001745	SKU-0022	3	3 x SKU-0022
ITM-00001861	ORD-001745	SKU-0053	5	5 x SKU-0053
ITM-00001862	ORD-001746	SKU-0080	3	3 x SKU-0080
ITM-00001863	ORD-001746	SKU-0076	1	1 x SKU-0076
ITM-00001864	ORD-001746	SKU-0080	1	1 x SKU-0080
ITM-00001865	ORD-001747	SKU-0049	3	3 x SKU-0049
ITM-00001866	ORD-001748	SKU-0057	4	4 x SKU-0057
ITM-00001867	ORD-001748	SKU-0041	3	3 x SKU-0041
ITM-00001868	ORD-001749	SKU-0079	4	4 x SKU-0079
ITM-00001869	ORD-001749	SKU-0055	3	3 x SKU-0055
ITM-00001870	ORD-001749	SKU-0014	4	4 x SKU-0014
ITM-00001871	ORD-001750	SKU-0061	1	1 x SKU-0061
ITM-00001872	ORD-001750	SKU-0064	2	2 x SKU-0064
ITM-00001873	ORD-001751	SKU-0036	1	1 x SKU-0036
ITM-00001874	ORD-001751	SKU-0043	5	5 x SKU-0043
ITM-00001875	ORD-001752	SKU-0068	2	2 x SKU-0068
ITM-00001876	ORD-001753	SKU-0001	2	2 x SKU-0001
ITM-00001877	ORD-001753	SKU-0074	1	1 x SKU-0074
ITM-00001878	ORD-001753	SKU-0006	5	5 x SKU-0006
ITM-00001879	ORD-001753	SKU-0028	1	1 x SKU-0028
ITM-00001880	ORD-001754	SKU-0060	1	1 x SKU-0060
ITM-00001881	ORD-001754	SKU-0044	3	3 x SKU-0044
ITM-00001882	ORD-001754	SKU-0010	2	2 x SKU-0010
ITM-00001883	ORD-001754	SKU-0007	5	5 x SKU-0007
ITM-00001884	ORD-001755	SKU-0059	1	1 x SKU-0059
ITM-00001885	ORD-001755	SKU-0077	2	2 x SKU-0077
ITM-00001886	ORD-001755	SKU-0070	5	5 x SKU-0070
ITM-00001887	ORD-001756	SKU-0023	3	3 x SKU-0023
ITM-00001888	ORD-001756	SKU-0078	2	2 x SKU-0078
ITM-00001889	ORD-001757	SKU-0056	2	2 x SKU-0056
ITM-00001890	ORD-001757	SKU-0039	3	3 x SKU-0039
ITM-00001891	ORD-001758	SKU-0055	3	3 x SKU-0055
ITM-00001892	ORD-001758	SKU-0052	5	5 x SKU-0052
ITM-00001893	ORD-001758	SKU-0008	3	3 x SKU-0008
ITM-00001894	ORD-001759	SKU-0026	1	1 x SKU-0026
ITM-00001895	ORD-001760	SKU-0019	1	1 x SKU-0019
ITM-00001896	ORD-001760	SKU-0076	2	2 x SKU-0076
ITM-00001897	ORD-001760	SKU-0021	4	4 x SKU-0021
ITM-00001898	ORD-001760	SKU-0008	1	1 x SKU-0008
ITM-00001899	ORD-001761	SKU-0061	3	3 x SKU-0061
ITM-00001900	ORD-001761	SKU-0052	5	5 x SKU-0052
ITM-00001901	ORD-001761	SKU-0027	2	2 x SKU-0027
ITM-00001902	ORD-001761	SKU-0049	3	3 x SKU-0049
ITM-00001903	ORD-001762	SKU-0047	1	1 x SKU-0047
ITM-00001904	ORD-001762	SKU-0064	3	3 x SKU-0064
ITM-00001905	ORD-001762	SKU-0022	1	1 x SKU-0022
ITM-00001906	ORD-001762	SKU-0031	2	2 x SKU-0031
ITM-00001907	ORD-001763	SKU-0026	1	1 x SKU-0026
ITM-00001908	ORD-001764	SKU-0002	3	3 x SKU-0002
ITM-00001909	ORD-001764	SKU-0004	2	2 x SKU-0004
ITM-00001910	ORD-001764	SKU-0061	3	3 x SKU-0061
ITM-00001911	ORD-001765	SKU-0023	1	1 x SKU-0023
ITM-00001912	ORD-001766	SKU-0030	5	5 x SKU-0030
ITM-00001913	ORD-001766	SKU-0046	3	3 x SKU-0046
ITM-00001914	ORD-001767	SKU-0047	3	3 x SKU-0047
ITM-00001915	ORD-001767	SKU-0022	4	4 x SKU-0022
ITM-00001916	ORD-001767	SKU-0007	5	5 x SKU-0007
ITM-00001917	ORD-001767	SKU-0036	2	2 x SKU-0036
ITM-00001918	ORD-001768	SKU-0021	4	4 x SKU-0021
ITM-00001919	ORD-001768	SKU-0071	1	1 x SKU-0071
ITM-00001920	ORD-001768	SKU-0044	2	2 x SKU-0044
ITM-00001921	ORD-001768	SKU-0070	2	2 x SKU-0070
ITM-00001922	ORD-001769	SKU-0014	2	2 x SKU-0014
ITM-00001923	ORD-001769	SKU-0070	2	2 x SKU-0070
ITM-00001924	ORD-001770	SKU-0016	4	4 x SKU-0016
ITM-00001925	ORD-001770	SKU-0054	4	4 x SKU-0054
ITM-00001926	ORD-001771	SKU-0074	5	5 x SKU-0074
ITM-00001927	ORD-001771	SKU-0077	1	1 x SKU-0077
ITM-00001928	ORD-001772	SKU-0075	5	5 x SKU-0075
ITM-00001929	ORD-001772	SKU-0036	4	4 x SKU-0036
ITM-00001930	ORD-001772	SKU-0013	1	1 x SKU-0013
ITM-00001931	ORD-001773	SKU-0008	4	4 x SKU-0008
ITM-00001932	ORD-001774	SKU-0062	2	2 x SKU-0062
ITM-00001933	ORD-001774	SKU-0018	3	3 x SKU-0018
ITM-00001934	ORD-001774	SKU-0010	3	3 x SKU-0010
ITM-00001935	ORD-001774	SKU-0027	1	1 x SKU-0027
ITM-00001936	ORD-001775	SKU-0057	1	1 x SKU-0057
ITM-00001937	ORD-001776	SKU-0024	5	5 x SKU-0024
ITM-00001938	ORD-001776	SKU-0032	2	2 x SKU-0032
ITM-00001939	ORD-001777	SKU-0017	5	5 x SKU-0017
ITM-00001940	ORD-001777	SKU-0008	5	5 x SKU-0008
ITM-00001941	ORD-001778	SKU-0054	5	5 x SKU-0054
ITM-00001942	ORD-001779	SKU-0026	4	4 x SKU-0026
ITM-00001943	ORD-001779	SKU-0028	3	3 x SKU-0028
ITM-00001944	ORD-001779	SKU-0030	4	4 x SKU-0030
ITM-00001945	ORD-001780	SKU-0025	4	4 x SKU-0025
ITM-00001946	ORD-001780	SKU-0027	5	5 x SKU-0027
ITM-00001947	ORD-001780	SKU-0042	3	3 x SKU-0042
ITM-00001948	ORD-001781	SKU-0050	1	1 x SKU-0050
ITM-00001949	ORD-001781	SKU-0071	2	2 x SKU-0071
ITM-00001950	ORD-001781	SKU-0043	2	2 x SKU-0043
ITM-00001951	ORD-001781	SKU-0059	2	2 x SKU-0059
